Iteration	Posterior	Likelihood	Prior	rate_log_sd	rate_neo	root_freqs[1]	root_freqs[2]	tree_length
0	125.5366	-375.1683	500.705	0.7395755	0.167339	0.44846	0.55154	0.09764334
6	119.0942	-381.7573	500.8515	0.6374586	0.2668398	0.0603075	0.939693	0.1511026
12	113.2284	-388.2589	501.4874	0.5788804	0.1337949	0.261656	0.738344	0.1973409
18	113.8393	-387.3903	501.2296	0.6289083	0.1309181	0.819555	0.180445	0.1419841
24	109.9281	-392.1452	502.0733	0.253482	0.1309181	0.36005	0.63995	0.3309326
30	115.9378	-385.1459	501.0837	0.6702024	0.2939748	0.74356	0.25644	0.2632912
36	109.2864	-392.2329	501.5192	0.3075465	0.2884932	0.610487	0.389513	0.3021104
42	113.8426	-387.8906	501.7332	0.1234264	0.2884932	0.349454	0.650546	0.3274033
48	120.0953	-381.7676	501.8629	0.08008669	0.204614	0.51606	0.48394	0.2400494
54	115.6417	-383.6493	499.291	0.7341508	2.102311	0.246362	0.753638	0.3610427
60	109.8117	-391.9894	501.8012	0.1988646	0.248813	0.246362	0.753638	0.3806848
66	118.901	-383.3919	502.2929	0.2260145	0.08287224	0.106718	0.893282	0.3246902
72	120.6526	-379.9145	500.5671	0.4713679	0.5083917	0.0566878	0.943312	0.1585354
78	112.1372	-388.9208	501.058	0.7496456	0.1758311	0.803227	0.196773	0.1652161
84	112.3234	-389.8986	502.2221	0.07122163	0.1287094	0.79947	0.20053	0.2959054
90	107.1266	-389.4165	496.5431	1.644371	2.545808	0.262408	0.737592	0.03796674
96	117.9152	-379.2409	497.1561	1.644371	3.41851	0.130726	0.869274	0.1201205
102	120.9766	-376.0549	497.0315	2.015179	1.54908	0.240536	0.759464	0.05146748
108	117.0114	-380.1618	497.1732	1.776539	3.553979	0.281552	0.718448	0.1584512
114	106.2962	-389.8465	496.1427	2.068926	6.993373	0.24075	0.75925	0.2221983
120	106.4497	-386.6414	493.0911	2.068926	47.50499	0.16084	0.83916	0.5204245
126	103.8555	-390.3367	494.1922	2.065566	24.96915	0.251671	0.748329	0.2966622
132	106.4227	-391.6284	498.0512	1.212248	3.92668	0.12198	0.87802	0.4069591
138	118.6763	-380.7062	499.3825	0.5269616	2.009266	0.157732	0.842268	0.2387087
144	120.6465	-380.7961	501.4425	0.5958661	0.1975212	0.216289	0.783711	0.2801386
150	113.0222	-387.1632	500.1854	0.4078596	1.188813	0.0579134	0.942087	0.296967
156	108.5336	-392.6699	501.2035	0.1694847	0.5019421	0.192202	0.807798	0.2787445
162	113.3748	-385.4646	498.8394	1.13124	1.476131	0.153951	0.846049	0.1495999
168	122.7639	-378.1704	500.9342	1.113627	0.02842105	0.426253	0.573747	0.09956799
174	120.3761	-380.5151	500.8912	1.110544	0.03456343	0.334622	0.665378	0.09714556
180	102.3279	-399.5437	501.8717	0.2579404	0.1905462	0.224511	0.775489	0.3359364
186	114.2776	-386.7666	501.0443	0.4528168	0.3030595	0.293239	0.706761	0.174016
192	121.1852	-379.9398	501.125	0.3812089	0.3445997	0.232317	0.767683	0.2048059
198	121.2456	-379.8355	501.0811	0.2592692	0.5151906	0.459333	0.540667	0.272058
204	104.256	-397.009	501.2651	0.5610572	0.1715902	0.761849	0.238151	0.1663902
210	106.7674	-395.497	502.2644	0.08410852	0.1140422	0.508012	0.491988	0.2945082
216	123.3999	-378.8624	502.2623	0.03567285	0.1273977	0.0462972	0.953703	0.2957165
222	117.2425	-383.254	500.4965	0.3730223	0.8891217	0.191644	0.808356	0.285642
228	110.2144	-390.1536	500.368	0.2846157	1.02381	0.150048	0.849952	0.2424757
234	126.6201	-374.6662	501.2863	0.4443575	0.2826415	0.427541	0.572459	0.2380578
240	126.5561	-374.2557	500.8118	0.4232732	0.5363539	0.524455	0.475545	0.2353385
246	120.8207	-378.7761	499.5968	0.9188658	1.159965	0.372565	0.627435	0.2381067
252	124.2684	-376.9864	501.2548	0.6198468	0.211019	0.510969	0.489031	0.2190244
258	121.1753	-378.5896	499.7648	0.6198468	1.249019	0.31608	0.68392	0.2158728
264	122.9495	-378.1544	501.1039	0.6476999	0.3265226	0.251385	0.748615	0.3117088
270	114.6652	-386.8896	501.5548	0.6476999	0.1149278	0.419153	0.580847	0.220073
276	120.9718	-380.6091	501.5809	0.5084982	0.1619992	0.153602	0.846398	0.2458895
282	107.2094	-394.4934	501.7028	0.3325594	0.1813701	0.73556	0.26444	0.2503595
288	118.1823	-381.8589	500.0412	0.9702044	0.2738588	0.677347	0.322653	0.08328137
294	104.8217	-396.833	501.6547	0.3877145	0.2254192	0.10666	0.89334	0.3521723
300	112.0834	-389.7864	501.8698	0.2340011	0.1837643	0.48144	0.51856	0.2958803
306	121.7615	-380.4009	502.1624	0.2606	0.09054766	0.262475	0.737525	0.2781895
312	126.2159	-375.2026	501.4185	0.5676526	0.1213285	0.181131	0.818869	0.1617966
318	121.694	-379.6036	501.2976	0.6296114	0.134292	0.535729	0.464271	0.159502
324	120.1605	-380.961	501.1215	0.2254858	0.4766016	0.450752	0.549248	0.2417099
330	116.9749	-384.6421	501.6171	0.2282023	0.3065142	0.25224	0.74776	0.3615613
336	123.1098	-379.0104	502.1203	0.35138	0.08867009	0.176829	0.823171	0.3065531
342	117.5096	-384.6185	502.1281	0.3461568	0.08867009	0.335167	0.664833	0.3086522
348	121.3791	-380.4184	501.7975	0.1282292	0.2566654	0.589174	0.410826	0.3185246
354	116.6282	-385.4947	502.1229	0.09239767	0.1089225	0.443001	0.556999	0.2156512
360	113.5632	-387.3549	500.9182	0.3221422	0.5169182	0.49298	0.50702	0.2243817
366	112.1929	-389.6918	501.8847	0.3221422	0.147311	0.214622	0.785378	0.2832559
372	106.5784	-394.6348	501.2132	0.5050433	0.167175	0.579149	0.420851	0.1395191
378	124.2186	-377.4533	501.672	0.1608905	0.2565802	0.0981991	0.901801	0.2562071
384	125.7133	-375.5087	501.222	0.6134879	0.2503475	0.330864	0.669136	0.2492908
390	119.5141	-381.9182	501.4323	0.1422808	0.3525466	0.244994	0.755006	0.238607
396	117.2181	-383.3202	500.5383	0.6785844	0.4028648	0.229325	0.770675	0.1566639
402	118.9391	-382.3899	501.329	0.6997126	0.1086202	0.0843135	0.915686	0.1598526
408	113.8829	-387.1487	501.0317	0.7983209	0.1543208	0.623385	0.376615	0.1536806
414	128.2464	-372.9908	501.2372	0.1638455	0.4914885	0.634913	0.365087	0.2856607
420	119.4081	-381.9373	501.3454	0.2373209	0.3642862	0.555662	0.444338	0.2544059
426	124.9415	-376.3412	501.2827	0.3802433	0.2808119	0.496033	0.503967	0.2089603
432	124.6053	-376.2995	500.9048	0.6731629	0.2808119	0.480751	0.519249	0.1817824
438	119.0821	-382.5857	501.6678	0.02691502	0.2787183	0.0919054	0.908095	0.2189297
444	111.0206	-391.0806	502.1011	0.1204102	0.178409	0.173244	0.826756	0.4167487
450	117.2251	-384.2543	501.4794	0.09774051	0.4165617	0.196743	0.803257	0.3188505
456	122.926	-378.9817	501.9077	0.2309831	0.1543559	0.245357	0.754643	0.2576663
462	126.8312	-375.1262	501.9574	0.3811971	0.07669243	0.34645	0.65355	0.2091216
468	117.076	-384.8858	501.9618	0.2449451	0.1134117	0.504647	0.495353	0.2193736
474	119.9686	-381.7415	501.7101	0.09323453	0.3347507	0.45657	0.54343	0.3940368
480	125.3437	-376.9937	502.3374	0.1261876	0.1061243	0.505167	0.494833	0.3784277
486	124.6656	-377.4314	502.0969	0.0880821	0.1879785	0.552516	0.447484	0.4021559
492	121.8903	-379.0912	500.9815	0.2100622	0.5207625	0.250225	0.749775	0.2081819
498	118.1539	-383.6515	501.8055	0.4420082	0.08970143	0.0968571	0.903143	0.1981384
504	122.6041	-378.3152	500.9192	0.2484374	0.5173704	0.484811	0.515189	0.1981384
510	126.3899	-374.6481	501.0381	0.5933839	0.2437914	0.353055	0.646945	0.1707642
516	119.2238	-381.2101	500.4339	0.5952764	0.6203079	0.0782568	0.921743	0.2039282
522	112.9782	-388.9145	501.8927	0.02903914	0.2648431	0.494253	0.505747	0.3343109
528	118.0968	-383.4721	501.5688	0.08526111	0.3851254	0.788017	0.211983	0.3343109
534	112.0377	-389.1515	501.1893	0.6223094	0.132274	0.400141	0.599859	0.1340173
540	112.6934	-388.9791	501.6725	0.05712281	0.3514275	0.0726906	0.927309	0.3413906
546	107.1735	-394.3218	501.4953	0.1361131	0.4114287	0.375724	0.624276	0.367315
552	97.35692	-403.7798	501.1368	0.6267717	0.323616	0.214794	0.785206	0.3163529
558	105.2521	-396.6529	501.905	0.2194122	0.120079	0.737023	0.262977	0.1992688
564	107.6247	-393.5657	501.1904	0.1595871	0.3587567	0.466454	0.533546	0.1674976
570	114.1175	-387.2351	501.3526	0.02651064	0.5827667	0.198738	0.801262	0.4347481
576	116.7476	-384.3745	501.122	0.001499249	0.5935654	0.350088	0.649912	0.2248247
582	123.0208	-378.2117	501.2325	0.001198362	0.527811	0.43768	0.56232	0.2288826
588	123.2013	-378.7054	501.9068	0.002374293	0.168923	0.663188	0.336812	0.1866261
594	120.7032	-381.6331	502.3363	0.01164872	0.1121942	0.525714	0.474286	0.2889232
600	118.0988	-383.1888	501.2876	0.06410397	0.4211277	0.116256	0.883744	0.2039805
606	116.7853	-384.2627	501.048	0.1371397	0.575468	0.0581975	0.941803	0.2399336
612	119.968	-378.8574	498.8254	1.257875	1.137598	0.60084	0.39916	0.11945
618	114.728	-383.6478	498.3758	1.257875	1.496199	0.456722	0.543278	0.09771963
624	118.0847	-379.7695	497.8543	1.257875	1.828781	0.42271	0.57729	0.06859909
630	102.512	-395.7572	498.2693	1.746726	0.8181195	0.260151	0.739849	0.07347473
636	119.5925	-378.6443	498.2367	1.349559	1.105539	0.110781	0.889219	0.06303412
642	117.7336	-382.9426	500.6761	1.036644	0.0923428	0.410014	0.589986	0.09568037
648	119.0748	-381.0805	500.1553	0.4092697	0.6570338	0.334814	0.665186	0.1122593
654	126.374	-375.4947	501.8687	0.2711137	0.1342874	0.399035	0.600965	0.2248064
660	130.7435	-370.7542	501.4976	0.5402146	0.1182131	0.332675	0.667325	0.1716708
666	124.2156	-376.3176	500.5333	0.5402146	0.5197019	0.304242	0.695758	0.1716708
672	119.1541	-381.7575	500.9116	0.8555871	0.1779885	0.0487572	0.951243	0.1572372
678	107.4332	-394.47	501.9032	0.2750685	0.1556541	0.596076	0.403924	0.2836025
684	113.8593	-387.7856	501.6448	0.2638847	0.2074239	0.46302	0.53698	0.2285808
690	109.8546	-391.7683	501.623	0.1502416	0.2873877	0.239814	0.760186	0.265346
696	120.365	-381.4677	501.8327	0.347782	0.1738718	0.249788	0.750212	0.3342284
702	111.893	-388.7446	500.6377	0.402162	0.755181	0.130933	0.869067	0.2961771
708	124.7504	-375.7956	500.546	0.4374829	0.678455	0.454405	0.545595	0.2163114
714	112.0927	-387.2874	499.3801	1.220865	0.9606947	0.283308	0.716692	0.1975178
720	107.5193	-393.5015	501.0209	0.832239	0.243977	0.446974	0.553026	0.2497129
726	123.6749	-378.3184	501.9933	0.3411985	0.1250774	0.37319	0.62681	0.3175753
732	118.6064	-382.7919	501.3983	0.3353574	0.3377064	0.105375	0.894625	0.3171892
738	120.975	-381.1341	502.1091	0.2048742	0.1287545	0.327544	0.672456	0.3120739
744	112.0417	-388.5876	500.6293	0.8395131	0.2765848	0.552064	0.447936	0.1519815
750	117.3163	-382.4885	499.8048	1.113923	0.439011	0.591183	0.408817	0.1142568
756	124.4191	-374.9871	499.4061	1.113923	0.7007026	0.262325	0.737675	0.1142568
762	126.3972	-372.6381	499.0353	1.423297	0.4819358	0.602451	0.397549	0.07135702
768	119.1747	-380.9853	500.16	0.9779037	0.4535146	0.0832823	0.916718	0.1599788
774	112.5757	-387.4072	499.9829	0.3781036	1.499323	0.248099	0.751901	0.3097665
780	116.7758	-384.56	501.3358	0.03041679	0.4565175	0.280105	0.719895	0.2345948
786	111.702	-390.0748	501.7768	0.01899671	0.1793892	0.0765258	0.923474	0.1651079
792	112.9069	-389.3002	502.207	0.07393413	0.1093292	0.241413	0.758587	0.2442448
798	109.7785	-391.4297	501.2082	0.1324685	0.5236464	0.0664186	0.933581	0.280614
804	112.7287	-389.0636	501.7923	0.5041877	0.1158677	0.157447	0.842553	0.2660394
810	108.7025	-391.8816	500.5841	0.7536462	0.4448655	0.15443	0.84557	0.2145874
816	107.3078	-392.3431	499.6508	0.8284209	0.8496674	0.259776	0.740224	0.1376438
822	111.7384	-390.5284	502.2669	0.2905536	0.06342496	0.0543917	0.945608	0.2833503
828	120.3714	-381.4325	501.8039	0.09972827	0.1450683	0.214403	0.785597	0.1632272
834	119.0359	-382.312	501.3479	0.2801003	0.4026612	0.188904	0.811096	0.3427474
840	117.4886	-384.159	501.6477	0.04869001	0.2356891	0.108552	0.891448	0.182549
846	119.9728	-382.1732	502.146	0.01741208	0.1722363	0.234857	0.765143	0.3136595
852	127.1524	-373.634	500.7865	0.06808088	0.4155917	0.119547	0.880453	0.09967839
858	116.8778	-384.7151	501.5929	0.09204662	0.2737656	0.276228	0.723772	0.2106816
864	118.1618	-382.0523	500.2141	0.3410853	0.888539	0.356719	0.643281	0.1631645
870	120.9024	-378.6015	499.5038	0.634685	1.325471	0.406063	0.593937	0.1611214
876	123.0783	-376.9435	500.0218	0.7820422	0.7988768	0.309819	0.690181	0.2058038
882	126.0446	-374.1936	500.2382	0.7600876	0.3797279	0.471357	0.528643	0.1094966
888	115.5246	-384.6873	500.212	0.7763647	0.4308785	0.291324	0.708676	0.1227606
894	128.3523	-372.364	500.7163	0.5473491	0.451356	0.694867	0.305133	0.1930967
900	132.321	-368.5337	500.8547	0.4103828	0.4085103	0.238535	0.761465	0.171014
906	127.5295	-373.6249	501.1544	0.3709658	0.3521741	0.142297	0.857703	0.2176675
912	120.7263	-379.5377	500.2641	0.8135823	0.5636379	0.407336	0.592664	0.1925026
918	130.0309	-370.9603	500.9912	0.8780448	0.1714588	0.693845	0.306155	0.1775827
924	127.696	-372.3688	500.0648	0.8780448	0.5540185	0.182227	0.817773	0.1532609
930	133.2688	-367.7818	501.0506	0.4700797	0.2313298	0.358466	0.641534	0.1386043
936	126.7271	-374.5646	501.2917	0.9477337	0.04844699	0.255542	0.744458	0.1451488
942	122.1	-377.9697	500.0697	0.9821088	0.514921	0.395796	0.604204	0.1642535
948	117.257	-382.6164	499.8733	1.129438	0.4550671	0.281571	0.718429	0.132698
954	122.9853	-377.5208	500.5061	1.24778	0.1461125	0.456548	0.543452	0.132698
960	118.4483	-382.1259	500.5743	0.8328695	0.2779835	0.405631	0.594369	0.1399826
966	116.5686	-383.3001	499.8687	1.409512	0.1937419	0.123452	0.876548	0.0882268
972	110.7085	-387.7454	498.4539	1.409512	0.7267559	0.133466	0.866534	0.0543454
978	117.0755	-382.1306	499.2061	1.409512	0.4746844	0.267422	0.732578	0.08469327
984	116.5207	-381.4536	497.9743	1.248178	3.472319	0.694845	0.305155	0.2355251
990	127.7323	-372.3122	500.0445	0.7305299	0.8407757	0.410399	0.589601	0.2129217
996	115.1435	-386.2804	501.4239	0.1986557	0.4043349	0.360163	0.639837	0.3403627
1002	111.8241	-388.2542	500.0783	0.8240016	0.629082	0.325433	0.674567	0.1698985
1008	114.4705	-386.2157	500.6862	0.8240016	0.2916825	0.249686	0.750314	0.1704735
1014	110.6765	-389.802	500.4785	0.651255	0.5879766	0.748777	0.251223	0.2240108
1020	113.6997	-386.2957	499.9954	0.6960254	0.6938102	0.165489	0.834511	0.1420901
1026	112.0651	-389.1709	501.2361	0.5001708	0.1657002	0.396683	0.603317	0.1420901
1032	116.4607	-384.7706	501.2312	0.5571494	0.150402	0.344712	0.655288	0.1420901
1038	120.3331	-379.6109	499.944	1.230387	0.19733	0.254067	0.745933	0.07890451
1044	120.929	-379.8914	500.8204	0.4462491	0.4700732	0.462702	0.537298	0.2049107
1050	115.2411	-386.2797	501.5209	0.5154935	0.1823262	0.397002	0.602998	0.2524036
1056	120.5091	-379.3841	499.8932	0.8881253	0.4944108	0.472275	0.527725	0.1083471
1062	118.542	-383.1529	501.6949	0.07616167	0.1877619	0.631065	0.368935	0.1654821
1068	120.7841	-381.1146	501.8986	0.194545	0.216196	0.158599	0.841401	0.387186
1074	117.2491	-383.9194	501.1685	0.8865616	0.07693911	0.197368	0.802632	0.1363045
1080	113.0717	-386.6536	499.7253	0.5990368	1.233605	0.798815	0.201185	0.1907693
1086	119.459	-380.7954	500.2544	0.3631135	1.15828	0.0111245	0.988875	0.294943
1092	123.4045	-375.9746	499.3792	0.4086158	2.193627	0.474557	0.525443	0.2309046
1098	120.2904	-378.6092	498.8996	0.9681217	2.193627	0.525992	0.474008	0.2710241
1104	111.63	-388.1435	499.7735	0.7320824	0.6861055	0.581522	0.418478	0.1094091
1110	124.9575	-376.074	501.0315	0.7320824	0.1246524	0.222404	0.777596	0.1208811
1116	120.9131	-378.6873	499.6004	0.8162375	0.7190444	0.283391	0.716609	0.1031879
1122	112.7361	-388.0586	500.7946	0.8126302	0.2010683	0.394944	0.605056	0.1386242
1128	116.8192	-383.0753	499.8945	0.7260549	0.9631751	0.202176	0.797824	0.2049759
1134	112.3917	-389.1053	501.497	0.01503594	0.396537	0.308233	0.691767	0.2511261
1140	113.9081	-387.3093	501.2174	0.01699827	0.5583105	0.109337	0.890663	0.2511261
1146	119.6297	-382.0772	501.7069	0.07939925	0.2390752	0.476445	0.523555	0.2151346
1152	124.266	-376.4032	500.6692	1.002789	0.1671857	0.418847	0.581153	0.1309529
1158	120.2267	-381.21	501.4367	0.5840103	0.1415309	0.461409	0.538591	0.1918621
1164	128.4048	-373.1076	501.5124	0.3559739	0.1609786	0.383355	0.616645	0.168168
1170	133.3508	-367.4477	500.7985	0.4133631	0.4155417	0.422896	0.577104	0.1610919
1176	125.7537	-375.3723	501.126	0.2841354	0.5395951	0.456605	0.543395	0.365757
1182	121.5574	-379.4433	501.0008	0.1692097	0.6092849	0.340546	0.659454	0.2569081
1188	118.5786	-382.4789	501.0574	0.5265004	0.4055471	0.210681	0.789319	0.3070933
1194	105.9984	-394.9969	500.9953	0.1331117	0.6966503	0.286871	0.713129	0.3070933
1200	115.9078	-386.1145	502.0223	0.102298	0.06022534	0.216885	0.783115	0.1342947
1206	121.8915	-379.8651	501.7566	0.682583	0.05944881	0.292305	0.707695	0.2155709
1212	121.8108	-378.647	500.4577	0.6937613	0.5309346	0.422692	0.577308	0.1999642
1218	115.3862	-384.8076	500.1938	0.8006665	0.4933114	0.139114	0.860886	0.1436301
1224	117.2132	-383.479	500.6922	0.8006665	0.2481602	0.29274	0.70726	0.1419773
1230	111.5499	-388.2823	499.8322	1.220025	0.3252008	0.585401	0.414599	0.1014108
1236	117.3228	-382.8004	500.1232	1.258384	0.1234232	0.0890117	0.910988	0.0748992
1242	126.2504	-373.8081	500.0585	1.137713	0.1579584	0.358825	0.641175	0.06981093
1248	120.1997	-380.4439	500.6436	1.137713	0.01547547	0.453293	0.546707	0.07049556
1254	114.403	-385.9911	500.3941	1.213039	0.08748747	0.354976	0.645024	0.08198331
1260	112.8029	-386.8118	499.6147	1.513608	0.1439298	0.0288139	0.971186	0.06102987
1266	106.0314	-392.0917	498.123	1.513608	0.6207332	0.452375	0.547625	0.03624964
1272	126.4952	-374.2935	500.7887	0.5912463	0.2255761	0.482567	0.517433	0.1124712
1278	124.5778	-376.1919	500.7697	0.6894864	0.1636723	0.298217	0.701783	0.09794006
1284	98.85574	-403.3697	502.2254	0.3293465	0.0587673	0.207517	0.792483	0.2676642
1290	113.4698	-386.6883	500.1581	0.8966976	0.4091649	0.050479	0.949521	0.1270924
1296	116.3251	-382.9736	499.2986	0.8966976	1.049692	0.207035	0.792965	0.1242563
1302	113.1279	-389.1308	502.2587	0.01917331	0.1293732	0.186674	0.813326	0.2868606
1308	115.396	-386.8473	502.2434	0.01338825	0.1711776	0.305295	0.694705	0.4578435
1314	113.3959	-388.1374	501.5334	0.4875769	0.2310183	0.362505	0.637495	0.3452578
1320	124.2444	-376.445	500.6894	0.6274193	0.4369151	0.445101	0.554899	0.2019887
1326	116.7454	-384.6359	501.3814	0.1969344	0.4094353	0.209359	0.790641	0.3084944
1332	125.143	-376.1224	501.2654	0.5795438	0.1609858	0.525666	0.474334	0.1623817
1338	130.8863	-371.1088	501.995	0.1810874	0.1722802	0.715669	0.284331	0.3249872
1344	124.3909	-376.5291	500.92	0.3097316	0.4530439	0.200528	0.799472	0.1837382
1350	117.9942	-381.9324	499.9267	0.844629	0.7682346	0.481956	0.518044	0.1837382
1356	114.2328	-385.6883	499.9211	0.8840964	0.6978572	0.588583	0.411417	0.1688673
1362	115.2872	-386.666	501.9532	0.1631228	0.1747365	0.21297	0.78703	0.284678
1368	121.8289	-379.5489	501.3778	0.3085664	0.30893	0.667141	0.332859	0.2462914
1374	122.2496	-379.1381	501.3877	0.5119281	0.1813963	0.586802	0.413198	0.1961407
1380	118.436	-382.6165	501.0526	0.3346842	0.445129	0.0259307	0.974069	0.2349568
1386	118.6527	-382.6346	501.2873	0.5597163	0.1569545	0.162406	0.837594	0.1596206
1392	114.589	-386.9441	501.5331	0.1570711	0.255253	0.725194	0.274806	0.1964278
1398	115.2546	-386.8357	502.0903	0.1122836	0.1157109	0.269669	0.730331	0.2213387
1404	130.4157	-371.5069	501.9226	0.07152047	0.2026111	0.239334	0.760666	0.2629166
1410	114.1508	-387.7717	501.9225	0.4380837	0.1125358	0.375337	0.624663	0.298903
1416	111.2109	-390.0323	501.2432	0.3855032	0.3931341	0.496621	0.503379	0.3249157
1422	123.0873	-378.2083	501.2956	0.4065694	0.2443279	0.157586	0.842414	0.1911788
1428	123.0053	-377.0057	500.011	1.389874	0.03839426	0.452527	0.547473	0.04928603
1434	119.0252	-379.3981	498.4233	1.446325	1.245387	0.366045	0.633955	0.1024875
1440	122.6117	-377.5771	500.1888	1.05125	0.3556917	0.302112	0.697888	0.1415691
1446	117.3095	-383.5333	500.8429	1.05125	0.07168447	0.0331401	0.96686	0.1066934
1452	106.1038	-396.1657	502.2695	0.2908602	0.01747229	0.270616	0.729384	0.1973765
1458	108.2142	-393.5952	501.8094	0.2497791	0.0958297	0.562601	0.437399	0.1544914
1464	114.5655	-386.595	501.1604	0.2977779	0.494778	0.223023	0.776977	0.3371108
1470	121.9955	-379.2513	501.2468	0.1316878	0.4689262	0.316578	0.683422	0.2505677
1476	113.1914	-387.9414	501.1328	0.5198752	0.1987646	0.245529	0.754471	0.146298
1482	111.2889	-389.3608	500.6497	0.6191272	0.3460393	0.137761	0.862239	0.143252
1488	113.0828	-387.9696	501.0524	0.503139	0.3460393	0.243271	0.756729	0.2244987
1494	119.9276	-380.2953	500.2229	0.8445083	0.3633193	0.439836	0.560164	0.1146744
1500	127.3676	-372.7628	500.1304	1.126121	0.2132489	0.609605	0.390395	0.0921914
1506	133.2632	-367.5272	500.7904	0.5784323	0.3798114	0.178222	0.821778	0.184196
1512	120.15	-381.7846	501.9346	0.05107487	0.2220431	0.509883	0.490117	0.2925651
1518	122.5125	-378.9046	501.4172	0.1123963	0.4583016	0.681059	0.318941	0.3467854
1524	117.0989	-385.1092	502.2081	0.1373183	0.1299767	0.807888	0.192112	0.3467854
1530	129.5473	-372.7001	502.2474	0.0849973	0.1299767	0.342356	0.657644	0.3329906
1536	121.1374	-381.1644	502.3018	0.01334423	0.1057538	0.0998119	0.900188	0.2539266
1542	106.1259	-394.6614	500.7874	0.251753	0.7910359	0.145405	0.854595	0.3321708
1548	117.5383	-384.0804	501.6187	0.6101796	0.1123131	0.110686	0.889314	0.2264698
1554	108.969	-391.7727	500.7417	0.7920847	0.347011	0.361524	0.638476	0.2167053
1560	105.2834	-396.8659	502.1493	0.1492465	0.09256939	0.141707	0.858293	0.2211139
1566	109.2853	-392.8765	502.1619	0.03925697	0.09256939	0.141707	0.858293	0.1875565
1572	112.7288	-388.531	501.2597	0.004713052	0.3717912	0.314549	0.685451	0.1535895
1578	107.1442	-394.9194	502.0636	0.001532413	0.1118733	0.438499	0.561501	0.1721802
1584	115.8819	-385.8374	501.7193	0.00556266	0.3079472	0.321473	0.678527	0.2652651
1590	118.005	-383.913	501.918	0.002126376	0.2682408	0.161754	0.838246	0.3416001
1596	120.7602	-380.7536	501.5137	0.001555363	0.2682408	0.655782	0.344218	0.1577653
1602	116.2434	-385.5707	501.8141	0.0005631315	0.3027137	0.18824	0.81176	0.3196547
1608	122.6774	-379.2023	501.8797	0.001629733	0.2748147	0.368562	0.631438	0.3196547
1614	124.5937	-377.1464	501.7401	0.002334659	0.2990434	0.231994	0.768006	0.2635781
1620	131.3619	-370.7442	502.1061	0.00313722	0.201538	0.211617	0.788383	0.3499979
1626	121.8388	-380.2157	502.0545	0.06482606	0.2084037	0.174052	0.825948	0.3937573
1632	111.0833	-388.5822	499.6654	0.5199063	1.411007	0.347369	0.652631	0.1922073
1638	105.5302	-393.293	498.8232	0.9415777	2.649895	0.284775	0.715225	0.3929018
1644	108.8169	-393.0947	501.9115	0.0140348	0.2102237	0.646568	0.353432	0.2395755
1650	111.3188	-390.4992	501.818	0.02283691	0.2701367	0.128132	0.871868	0.2806689
1656	120.1815	-381.096	501.2775	0.05986053	0.5749633	0.288055	0.711945	0.3431913
1662	124.8533	-376.6066	501.4599	0.1994478	0.4000793	0.42134	0.57866	0.3764229
1668	119.6989	-381.4812	501.1801	0.29762	0.3490109	0.215295	0.784705	0.1983306
1674	120.7612	-380.82	501.5813	0.1566779	0.3490109	0.178296	0.821704	0.3449659
1680	108.0189	-392.3989	500.4178	0.04411211	1.052626	0.0533808	0.946619	0.1829452
1686	122.8782	-379.2842	502.1625	0.09594903	0.1425959	0.0533808	0.946619	0.3083978
1692	116.0674	-385.5851	501.6524	0.4784598	0.1236498	0.15588	0.84412	0.206215
1698	111.9288	-389.6729	501.6018	0.5117776	0.1259064	0.731979	0.268021	0.2032009
1704	112.9259	-387.7513	500.6773	0.7011657	0.4211706	0.260725	0.739275	0.2136069
1710	117.6656	-384.476	502.1416	0.2765417	0.07771231	0.273553	0.726447	0.2438906
1716	113.3143	-388.4853	501.7996	0.2765417	0.2100923	0.152745	0.847255	0.3410374
1722	114.2381	-386.1158	500.3539	0.5562592	0.8873779	0.20674	0.79326	0.3146392
1728	109.6322	-390.5722	500.2043	1.2777	0.2182073	0.278518	0.721482	0.1251351
1734	121.8402	-379.8811	501.7213	0.6514089	0.09802879	0.301691	0.698309	0.2675504
1740	126.3403	-375.2611	501.6014	0.24406	0.2522982	0.196374	0.803626	0.2570192
1746	125.8447	-374.6076	500.4523	0.8186484	0.2896488	0.283327	0.716673	0.120947
1752	115.101	-384.603	499.704	1.040992	0.3747316	0.622147	0.377853	0.07920537
1758	126.9017	-374.1232	501.0248	0.5867911	0.1722801	0.306405	0.693595	0.1235093
1764	125.7924	-374.4483	500.2407	0.928289	0.3337484	0.347478	0.652522	0.1206917
1770	127.2975	-373.0146	500.3121	1.036504	0.1894042	0.271136	0.728864	0.09460234
1776	130.4106	-370.0522	500.4629	0.5763169	0.6461526	0.0853023	0.914698	0.2209436
1782	124.3978	-376.4319	500.8298	0.363948	0.4229414	0.14609	0.85391	0.1600708
1788	117.2677	-384.2719	501.5396	0.332549	0.2502567	0.627875	0.372125	0.2688764
1794	102.5837	-397.3551	499.9388	0.4453992	1.575223	0.132619	0.867381	0.4055332
1800	115.4567	-386.4535	501.9102	0.162917	0.207906	0.519357	0.480643	0.3313932
1806	120.8913	-380.5804	501.4717	0.242666	0.3318674	0.173967	0.826033	0.2923019
1812	123.8046	-377.9832	501.7878	0.1431569	0.190283	0.301204	0.698796	0.216882
1818	112.852	-387.9142	500.7662	0.1054124	1.006049	0.401782	0.598218	0.442053
1824	122.2268	-380.031	502.2578	0.04291862	0.1310201	0.505666	0.494334	0.3081767
1830	125.2274	-376.5834	501.8109	0.1312505	0.1577327	0.282095	0.717905	0.1852902
1836	125.487	-375.0298	500.5167	0.2749143	0.5969217	0.588533	0.411467	0.1356342
1842	129.4502	-370.6402	500.0905	0.7141052	0.5956669	0.260913	0.739087	0.1377154
1848	127.8395	-372.9377	500.7772	0.9451019	0.1060406	0.125393	0.874607	0.1041511
1854	124.8756	-376.0689	500.9445	0.8386469	0.1768809	0.165387	0.834613	0.1601119
1860	124.0007	-377.2086	501.2093	0.8551274	0.1074717	0.139915	0.860085	0.1673899
1866	113.1058	-388.9643	502.0701	0.1851875	0.1471074	0.139915	0.860085	0.3193867
1872	115.9234	-386.3907	502.314	0.3001172	0.0404211	0.469509	0.530491	0.2503767
1878	111.241	-390.9534	502.1944	0.3108906	0.06377278	0.250398	0.749602	0.2541045
1884	117.6058	-383.0423	500.6481	0.923654	0.1847253	0.099263	0.900737	0.1234888
1890	116.2118	-385.486	501.6977	0.2002086	0.2363643	0.209645	0.790355	0.2625409
1896	98.7008	-402.4835	501.1843	0.7243742	0.1411671	0.41517	0.58483	0.1610732
1902	113.457	-387.606	501.063	0.4206356	0.2313793	0.168177	0.831823	0.1317631
1908	109.4314	-391.7757	501.2071	0.2832068	0.1997929	0.255215	0.744785	0.1178583
1914	116.9937	-384.8822	501.8758	0.2273022	0.1678619	0.79242	0.20758	0.2630981
1920	113.7049	-386.8525	500.5575	0.7064327	0.2995327	0.124927	0.875073	0.1235821
1926	116.0654	-385.3344	501.3998	0.1402116	0.2773769	0.444824	0.555176	0.1692631
1932	118.8811	-382.282	501.1631	0.6897419	0.1216262	0.271623	0.728377	0.134144
1938	116.485	-383.8159	500.3009	0.6261803	0.6570109	0.281896	0.718104	0.1875162
1944	123.7561	-377.2232	500.9793	0.6401972	0.3014497	0.37644	0.62356	0.210982
1950	115.5513	-384.6721	500.2235	1.01036	0.3375302	0.733976	0.266024	0.1330996
1956	109.7451	-390.1218	499.8669	1.138811	0.3375302	0.165551	0.834449	0.09896429
1962	116.1676	-385.1788	501.3464	0.5612212	0.1924167	0.124058	0.875942	0.2106157
1968	112.423	-387.8388	500.2618	0.9236127	0.2146681	0.175187	0.824813	0.08497447
1974	119.0113	-381.0561	500.0674	0.9236127	0.5175151	0.322498	0.677502	0.1512118
1980	117.423	-382.5793	500.0023	0.7919906	0.7582751	0.169353	0.830647	0.1869351
1986	120.9506	-381.318	502.2686	0.1248603	0.1042772	0.285906	0.714094	0.2981505
1992	115.6177	-385.6453	501.263	0.4571297	0.2940923	0.332601	0.667399	0.2459419
1998	118.0067	-384.1564	502.1632	0.186106	0.08218776	0.455152	0.544848	0.2228105
2004	124.0597	-377.5138	501.5734	0.2003118	0.1202745	0.171551	0.828449	0.1198004
2010	123.4417	-376.655	500.0967	0.6465131	0.6685759	0.430697	0.569303	0.1457815
2016	127.89	-373.3384	501.2284	0.6441895	0.2195185	0.336724	0.663276	0.228036
2022	134.5682	-366.8664	501.4346	0.3354052	0.2576351	0.184614	0.815386	0.228036
2028	123.0429	-379.0169	502.0599	0.07288946	0.1383204	0.184614	0.815386	0.228036
2034	122.7139	-378.8839	501.5979	0.05606105	0.3740901	0.0485346	0.951465	0.3138687
2040	116.0398	-385.6949	501.7347	0.2542216	0.1859293	0.321865	0.678135	0.235229
2046	112.0184	-389.2276	501.2461	0.3480335	0.2886428	0.226587	0.773413	0.1922322
2052	100.84	-400.9013	501.7413	0.2474839	0.1564387	0.303553	0.696447	0.1984291
2058	111.1073	-390.1993	501.3066	0.3250639	0.3046912	0.217174	0.782826	0.2183764
2064	116.7508	-385.1087	501.8596	0.09536416	0.1781194	0.223519	0.776481	0.21158
2070	115.6696	-385.047	500.7165	0.4832784	0.3101761	0.144369	0.855631	0.1173109
2076	119.8712	-381.4717	501.343	0.0723548	0.4193232	0.0997048	0.900295	0.2267561
2082	122.3986	-378.342	500.7406	0.01819042	1.062662	0.200478	0.799522	0.3408591
2088	118.5058	-383.2838	501.7895	0.0386004	0.1501747	0.434287	0.565713	0.1501308
2094	119.4242	-382.4477	501.8718	0.02686064	0.1143948	0.601885	0.398115	0.1373621
2100	106.4387	-395.7351	502.1738	0.1791289	0.1154987	0.719476	0.280524	0.3020881
2106	115.8149	-386.5085	502.3234	0.1118607	0.1081289	0.319881	0.680119	0.3513316
2112	118.0295	-382.9971	501.0266	0.09065669	0.7646603	0.23932	0.76068	0.392786
2118	122.4213	-378.8498	501.2711	0.2911286	0.3612661	0.165238	0.834762	0.241266
2124	119.4423	-381.4466	500.8889	0.2911286	0.4362282	0.38438	0.61562	0.1626279
2130	114.5324	-386.6998	501.2322	0.4657338	0.308478	0.256772	0.743228	0.2515157
2136	122.9526	-378.717	501.6696	0.5135426	0.1341067	0.256772	0.743228	0.2435795
2142	118.1935	-382.7035	500.8969	0.9916809	0.1190031	0.339978	0.660022	0.138929
2148	104.6679	-395.6056	500.2735	0.9916809	0.3722564	0.388892	0.611108	0.1539683
2154	116.0633	-382.973	499.0362	1.369531	0.5005283	0.400108	0.599892	0.06957684
2160	119.7934	-380.9953	500.7887	0.4455047	0.479982	0.327696	0.672304	0.1996414
2166	127.638	-372.8892	500.5272	1.37577	0.08529429	0.267121	0.732879	0.1170507
2172	117.4657	-383.9149	501.3806	0.4760194	0.2162765	0.382798	0.617202	0.2178983
2178	111.1891	-390.1454	501.3345	0.3111155	0.1773057	0.263474	0.736526	0.1321341
2184	126.9511	-375.0662	502.0173	0.05373498	0.2242175	0.331906	0.668094	0.3881005
2190	124.2296	-376.9209	501.1505	0.03669115	0.6806694	0.401992	0.598008	0.3418911
2196	127.8029	-374.4004	502.2033	0.2535952	0.06027604	0.019765	0.980235	0.2241483
2202	133.0292	-368.4359	501.4651	0.4358769	0.174738	0.0589937	0.941006	0.1898839
2208	127.3872	-374.0513	501.4385	0.230218	0.2991361	0.00893782	0.991062	0.2281252
2214	128.1993	-373.8963	502.0956	0.2553938	0.09056843	0.393512	0.606488	0.239713
2220	104.7112	-393.8079	498.5191	1.403721	1.762839	0.306057	0.693943	0.1877563
2226	96.2194	-403.9512	500.1706	1.403721	0.2415933	0.181851	0.818149	0.155526
2232	118.4574	-382.8403	501.2977	0.6745412	0.1558001	0.0172721	0.982728	0.192424
2238	119.9919	-381.7634	501.7553	0.4379272	0.1558001	0.476674	0.523326	0.2941753
2244	124.8577	-376.3231	501.1808	0.5372106	0.335808	0.460009	0.539991	0.3011831
2250	126.5061	-374.7027	501.2088	0.4550157	0.3789205	0.450202	0.549798	0.3316794
2256	122.8997	-378.3762	501.276	0.5130939	0.2657859	0.321402	0.678598	0.2459325
2262	121.2466	-380.3753	501.6219	0.3222926	0.1248393	0.519234	0.480766	0.1552139
2268	123.6914	-377.8358	501.5272	0.367824	0.1367624	0.100863	0.899137	0.1542413
2274	112.7492	-389.1912	501.9404	0.3904493	0.0670744	0.178873	0.821127	0.1912705
2280	111.7109	-388.859	500.5699	1.021602	0.1104298	0.546922	0.453078	0.09053553
2286	106.0931	-394.1331	500.2262	0.9383871	0.3818793	0.0251357	0.974864	0.1372948
2292	108.848	-392.5924	501.4403	0.2446879	0.2931601	0.29409	0.70591	0.2290757
2298	108.1213	-393.9013	502.0226	0.08317325	0.1678321	0.0824571	0.917543	0.2645331
2304	110.6941	-391.1503	501.8444	0.2613372	0.1678321	0.239321	0.760679	0.2645331
2310	112.9039	-389.1634	502.0673	0.3611341	0.09418591	0.127299	0.872701	0.2924111
2316	118.1088	-382.386	500.4948	0.7210599	0.4102864	0.0728801	0.92712	0.1597057
2322	108.1976	-393.3744	501.572	0.1604569	0.226026	0.0599203	0.94008	0.1853296
2328	111.5771	-389.3273	500.9044	0.3837336	0.6027818	0.392955	0.607045	0.3345054
2334	109.4988	-390.9671	500.4659	0.9742199	0.3264744	0.312577	0.687423	0.1729419
2340	117.4516	-383.4523	500.9038	0.5264244	0.3363878	0.389697	0.610303	0.1761018
2346	132.8385	-367.8974	500.7359	0.7615555	0.1840414	0.172489	0.827511	0.1117419
2352	128.3287	-371.2563	499.585	0.6970766	1.321315	0.217266	0.782734	0.2006078
2358	113.565	-388.0643	501.6294	0.222685	0.09340601	0.231094	0.768906	0.114793
2364	118.6198	-383.0871	501.7069	0.1930445	0.1497392	0.319353	0.680647	0.1663723
2370	108.8676	-391.8401	500.7077	0.1613161	0.8743635	0.254337	0.745663	0.2749797
2376	118.8631	-382.5516	501.4147	0.01085581	0.3165073	0.228828	0.771172	0.1636191
2382	126.2406	-375.7938	502.0345	0.01032717	0.1627537	0.379246	0.620754	0.2270209
2388	120.6611	-381.1227	501.7837	0.02438596	0.2229999	0.325575	0.674425	0.2069969
2394	125.4884	-375.1735	500.6619	0.007063589	1.161436	0.293664	0.706336	0.3423556
2400	131.1976	-370.7824	501.9799	0.00748117	0.2160919	0.105238	0.894762	0.2823625
2406	125.9979	-376.2903	502.2881	0.05348779	0.06453527	0.307876	0.692124	0.1908008
2412	112.7071	-388.1631	500.8702	0.9899753	0.1437284	0.311348	0.688652	0.1521149
2418	125.0028	-375.798	500.8008	0.7573329	0.2418954	0.311547	0.688453	0.1521149
2424	122.589	-377.8742	500.4633	0.9455885	0.1243565	0.316736	0.683264	0.07767576
2430	124.7613	-375.2574	500.0187	0.3498891	1.250737	0.227913	0.772087	0.2104244
2436	122.6997	-376.9581	499.6578	0.6519729	1.410132	0.0914609	0.908539	0.238772
2442	113.8852	-385.8107	499.6959	0.7803102	1.346399	0.263235	0.736765	0.3082267
2448	112.4583	-387.4974	499.9557	0.591687	1.367426	0.305662	0.694338	0.4254307
2454	121.7596	-377.5379	499.2975	0.7185406	2.167236	0.532146	0.467854	0.4052816
2460	119.6157	-380.1405	499.7562	0.9846043	1.001846	0.330502	0.669498	0.2784884
2466	123.5147	-378.3292	501.844	0.3458249	0.07634766	0.363182	0.636818	0.1645815
2472	113.1189	-388.3087	501.4276	0.3458249	0.2841096	0.29373	0.70627	0.2610803
2478	107.7358	-393.8172	501.553	0.1190712	0.3865031	0.256528	0.743472	0.3575192
2484	104.3989	-396.3642	500.7631	0.5276038	0.5530311	0.159879	0.840121	0.2782184
2490	109.8319	-391.391	501.2229	0.2781422	0.4807619	0.27315	0.72685	0.3591349
2496	111.1869	-390.4849	501.6718	0.1227003	0.3433199	0.365371	0.634629	0.4142642
2502	122.7886	-378.9605	501.7491	0.3137583	0.1739578	0.388503	0.611497	0.2522881
2508	123.6241	-378.297	501.9211	0.0712881	0.2302117	0.443695	0.556305	0.3153687
2514	120.6792	-380.6196	501.2988	0.3366343	0.2302117	0.373834	0.626166	0.1625903
2520	105.9656	-393.8131	499.7786	0.6287565	0.9385702	0.47075	0.52925	0.1424768
2526	115.184	-384.1702	499.3542	1.276955	0.4077388	0.354355	0.645645	0.07472043
2532	113.4408	-386.6133	500.0541	1.330959	0.1591542	0.339009	0.660991	0.08776864
2538	120.083	-378.892	498.975	1.330959	0.612626	0.339009	0.660991	0.07572667
2544	120.6877	-379.969	500.6567	0.9714839	0.1548745	0.40011	0.59989	0.1169093
2550	117.3686	-383.1203	500.4889	0.9714839	0.276409	0.0344656	0.965534	0.1500598
2556	116.9811	-383.5984	500.5795	1.217323	0.1528192	0.248082	0.751918	0.1454876
2562	112.0403	-387.924	499.9643	1.217323	0.05012298	0.284981	0.715019	0.04128875
2568	116.2228	-384.0941	500.3169	1.217323	0.1342225	0.562787	0.437213	0.09452917
2574	125.4195	-375.7069	501.1264	0.8691522	0.04340155	0.232878	0.767122	0.1016548
2580	126.8926	-373.9764	500.869	0.7881639	0.2041631	0.231066	0.768934	0.1506267
2586	119.697	-381.5284	501.2253	0.7797415	0.1044203	0.648137	0.351863	0.1506267
2592	109.1311	-391.9892	501.1203	0.4073248	0.4712032	0.270439	0.729561	0.3731312
2598	111.8565	-389.6935	501.55	0.2422237	0.2724206	0.109386	0.890614	0.2558596
2604	117.7645	-383.5827	501.3472	0.8018193	0.1487443	0.212664	0.787336	0.2528526
2610	111.0325	-389.5016	500.5341	0.8643769	0.3182086	0.170184	0.829816	0.1581096
2616	98.22183	-402.1988	500.4206	0.6802775	0.4650164	0.559956	0.440044	0.1560764
2622	113.2438	-387.5977	500.8415	0.2127355	0.6916576	0.258776	0.741224	0.2555481
2628	124.1414	-377.5565	501.6979	0.1020485	0.2440999	0.178416	0.821584	0.2258264
2634	124.3142	-377.5736	501.8878	0.4601075	0.1112822	0.318114	0.681886	0.2863599
2640	117.48	-383.5961	501.0762	0.7614654	0.0869481	0.239103	0.760897	0.1086194
2646	121.7445	-378.4059	500.1503	0.4971181	1.144898	0.0681932	0.931807	0.308553
2652	129.4879	-371.9755	501.4633	0.5563755	0.1743343	0.16621	0.83379	0.232567
2658	134.2388	-366.3008	500.5396	0.4410888	0.6778686	0.381909	0.618091	0.2149551
2664	128.6818	-372.743	501.4249	0.9166553	0.07948081	0.110191	0.889809	0.2149551
2670	90.99772	-409.4786	500.4763	1.19615	0.1634217	0.22874	0.77126	0.128843
2676	109.7494	-390.2068	499.9562	1.018209	0.427465	0.164815	0.835185	0.1195273
2682	121.384	-377.7404	499.1244	0.9428039	1.428169	0.503197	0.496803	0.1633407
2688	124.4556	-377.5231	501.9787	0.1710335	0.1452475	0.153763	0.846237	0.2469982
2694	115.6784	-386.3099	501.9883	0.1743372	0.09153066	0.0948359	0.905164	0.1753123
2700	114.9089	-385.9098	500.8186	0.345588	0.5662468	0.374432	0.625568	0.2248198
2706	117.9637	-382.8755	500.8392	0.2427947	0.6224158	0.232153	0.767847	0.2248198
2712	119.4245	-382.0958	501.5203	0.4415312	0.1887425	0.0784953	0.921505	0.2273134
2718	113.7498	-387.5271	501.2768	0.5589837	0.2679764	0.335153	0.664847	0.274201
2724	113.8241	-388.3919	502.216	0.3665053	0.04263645	0.247535	0.752465	0.2403798
2730	118.6211	-383.2088	501.8299	0.3310231	0.1773534	0.227227	0.772773	0.3260424
2736	122.2005	-378.8007	501.0012	0.5442202	0.438055	0.59067	0.40933	0.3260424
2742	125.9773	-375.0515	501.0288	0.5018212	0.3198985	0.215763	0.784237	0.1949923
2748	117.7723	-383.3999	501.1722	0.7385715	0.1767705	0.262053	0.737947	0.1949923
2754	121.5328	-379.3204	500.8532	0.5496692	0.2690806	0.565043	0.434957	0.1349924
2760	118.7275	-380.5273	499.2548	1.132546	0.9206254	0.382392	0.617608	0.1349924
2766	128.1544	-372.0699	500.2243	0.6485018	0.7132568	0.347229	0.652771	0.1936886
2772	120.3381	-381.3075	501.6456	0.6022362	0.08018872	0.155356	0.844644	0.1849197
2778	114.6102	-386.9924	501.6026	0.5438741	0.08018872	0.159911	0.840089	0.1584955
2784	117.1855	-383.9018	501.0873	0.4182611	0.3194581	0.110209	0.889791	0.1869559
2790	106.9141	-394.5796	501.4936	0.4630392	0.1734756	0.0519722	0.948028	0.2068302
2796	113.4165	-386.839	500.2555	0.1413465	1.428172	0.203494	0.796506	0.2963197
2802	118.216	-382.9993	501.2153	0.1457141	0.5431131	0.872436	0.127564	0.3187046
2808	114.4692	-386.406	500.8751	0.426211	0.3500682	0.232611	0.767389	0.1518386
2814	125.6947	-375.1042	500.7989	0.510124	0.4569965	0.413124	0.586876	0.211897
2820	117.1144	-384.448	501.5624	0.3263342	0.2223308	0.234272	0.765728	0.238531
2826	126.4625	-374.4191	500.8816	0.5792295	0.2749678	0.575348	0.424652	0.1493884
2832	122.1085	-379.0073	501.1159	0.09098264	0.6012758	0.594304	0.405696	0.2710512
2838	124.917	-375.9629	500.8799	0.2552811	0.6821013	0.202621	0.797379	0.2976666
2844	111.3465	-389.4771	500.8236	0.1784885	0.8283092	0.641659	0.358341	0.3388818
2850	113.0487	-388.6944	501.7431	0.366654	0.1109853	0.0940938	0.905906	0.1834956
2856	112.7853	-387.7018	500.4871	0.6382543	0.5057313	0.415611	0.584389	0.1795695
2862	115.3547	-385.1095	500.4643	0.4409866	0.5916721	0.220862	0.779138	0.157544
2868	109.9479	-391.4758	501.4237	0.767367	0.0698187	0.602959	0.397041	0.157544
2874	117.119	-384.1789	501.2979	0.2811791	0.2431322	0.120269	0.879731	0.157544
2880	120.5497	-381.0272	501.5769	0.1825986	0.2876926	0.0260995	0.9739	0.2582254
2886	114.4195	-387.0281	501.4476	0.3119504	0.2876926	0.383744	0.616256	0.2582254
2892	123.2843	-377.6376	500.9219	0.9350196	0.09507094	0.198068	0.801932	0.1166247
2898	125.859	-375.4152	501.2742	0.5232684	0.1092177	0.198068	0.801932	0.1166247
2904	117.4152	-383.9856	501.4008	0.4464148	0.2322397	0.673975	0.326025	0.2322939
2910	109.8918	-392.2919	502.1838	0.3499519	0.07619723	0.101935	0.898065	0.3107382
2916	120.6813	-381.502	502.1834	0.117862	0.07619723	0.108525	0.891475	0.1956307
2922	127.1399	-373.5238	500.6637	0.5192036	0.4753032	0.400298	0.599702	0.1814301
2928	123.8101	-377.494	501.3041	0.2302719	0.2950431	0.0647573	0.935243	0.1790758
2934	117.0167	-384.696	501.7127	0.2910337	0.2391858	0.149497	0.850503	0.3509997
2940	111.9284	-388.3014	500.2298	1.017615	0.06821788	0.130029	0.869971	0.04897292
2946	119.9383	-380.9407	500.879	0.908115	0.1125098	0.459168	0.540832	0.117088
2952	109.104	-390.5571	499.661	1.209983	0.3101311	0.402317	0.597683	0.07805684
2958	115.4147	-385.9105	501.3252	0.6972372	0.09910153	0.150289	0.849711	0.1495481
2964	121.7185	-379.2028	500.9213	0.01980702	0.8914885	0.568893	0.431107	0.3495981
2970	110.8648	-390.608	501.4728	0.06909293	0.2775135	0.122437	0.877563	0.1698192
2976	113.7537	-387.8681	501.6218	0.05959429	0.265392	0.779162	0.220838	0.2020892
2982	116.3384	-384.4338	500.7723	0.2494171	0.669248	0.575488	0.424512	0.2265943
2988	110.1976	-389.2557	499.4532	0.7842441	0.9411478	0.2166	0.7834	0.1138214
2994	113.2191	-385.7653	498.9844	1.253839	0.8496202	0.408087	0.591913	0.100396
3000	120.6788	-379.8406	500.5194	0.2571911	0.9219106	0.630508	0.369492	0.252211
3006	107.8357	-392.8165	500.6522	0.2523865	0.815418	0.0423306	0.957669	0.2571998
3012	114.4817	-386.7794	501.2611	0.2516481	0.483746	0.101238	0.898762	0.383278
3018	107.4075	-393.5033	500.9108	0.1267239	0.8164826	0.283912	0.716088	0.3645954
3024	108.0348	-393.527	501.5618	0.08984225	0.355836	0.358226	0.641774	0.2843657
3030	115.0041	-385.9615	500.9656	0.4365547	0.4896196	0.407194	0.592806	0.2843657
3036	126.8515	-374.9135	501.7649	0.4513699	0.1352978	0.233459	0.766541	0.2628592
3042	120.4838	-379.1443	499.6281	0.8114183	1.100321	0.405881	0.594119	0.1896697
3048	112.2371	-389.2386	501.4756	0.8114183	0.08759582	0.372593	0.627407	0.2084981
3054	118.5864	-383.2888	501.8752	0.5181848	0.09650942	0.297292	0.702708	0.2759586
3060	114.954	-386.1378	501.0918	0.5925339	0.1893712	0.306249	0.693751	0.1469403
3066	119.7168	-381.1424	500.8592	0.5794699	0.3864545	0.265829	0.734171	0.2112739
3072	110.1012	-388.8581	498.9592	0.9235804	2.164253	0.494078	0.505922	0.2704147
3078	120.508	-381.4429	501.9509	0.1345662	0.1496729	0.203178	0.796822	0.2252848
3084	118.4807	-383.6081	502.0888	0.07731773	0.1153473	0.477568	0.522432	0.2071314
3090	123.9007	-378.0687	501.9694	0.3135283	0.1155949	0.15401	0.84599	0.2579906
3096	117.9937	-382.1007	500.0945	0.9066843	0.3766662	0.20246	0.79754	0.1090411
3102	127.1337	-373.5767	500.7104	0.7178433	0.3316808	0.311793	0.688207	0.1728104
3108	120.0039	-380.257	500.2609	0.5255934	0.8046365	0.514822	0.485178	0.2021637
3114	114.7038	-386.447	501.1507	0.5163444	0.3234299	0.234989	0.765011	0.2529514
3120	116.5127	-384.6333	501.146	0.2491468	0.3234299	0.254092	0.745908	0.1600513
3126	110.4879	-391.8044	502.2923	0.1483283	0.09652119	0.326996	0.673004	0.3092343
3132	114.0532	-387.6333	501.6866	0.06482232	0.2838053	0.14745	0.85255	0.2492275
3138	119.4835	-381.5024	500.986	0.5288426	0.3377864	0.614964	0.385036	0.2027389
3144	112.4419	-386.9093	499.3512	1.163182	0.433071	0.642869	0.357131	0.06889238
3150	107.2402	-394.4224	501.6625	0.3740473	0.2364986	0.556351	0.443649	0.38686
3156	113.2828	-387.3913	500.6741	0.6398406	0.2807947	0.105133	0.894867	0.1244865
3162	120.9851	-381.1395	502.1246	0.1391962	0.08365378	0.421624	0.578376	0.1946686
3168	119.6652	-381.6183	501.2835	0.4045736	0.2332256	0.470103	0.529897	0.1783356
3174	110.8801	-390.299	501.1791	0.3800837	0.3257157	0.389447	0.610553	0.2090512
3180	117.3349	-384.7492	502.0842	0.3752069	0.0641006	0.505201	0.494799	0.2330894
3186	120.8721	-381.1097	501.9818	0.3446659	0.04407061	0.562408	0.437592	0.1593765
3192	126.4062	-375.4172	501.8234	0.2801965	0.1638715	0.116421	0.883579	0.2562083
3198	117.2176	-384.4435	501.6611	0.09225422	0.2548128	0.505115	0.494885	0.2183996
3204	118.7932	-382.0573	500.8505	0.5038647	0.325225	0.348371	0.651629	0.1517108
3210	118.1524	-382.9514	501.1038	0.8155828	0.1226458	0.128099	0.871901	0.1479788
3216	120.4871	-380.5369	501.024	0.6544502	0.1929002	0.565642	0.434358	0.1479788
3222	113.8992	-387.8611	501.7603	0.222465	0.1668943	0.269537	0.730463	0.2084354
3228	114.3839	-386.3766	500.7605	0.5422104	0.3971041	0.329906	0.670094	0.1752029
3234	112.7475	-388.4525	501.2001	0.3043283	0.3613059	0.429318	0.570682	0.2169039
3240	127.8838	-373.2529	501.1368	0.3510991	0.3693895	0.563761	0.436239	0.2169039
3246	123.9843	-377.2241	501.2084	0.7343013	0.07982	0.593043	0.406957	0.1193388
3252	123.1439	-378.7271	501.871	0.2790004	0.1272308	0.073784	0.926216	0.2183181
3258	118.4967	-382.913	501.4097	0.06252714	0.4593528	0.831431	0.168569	0.296958
3264	118.2221	-383.179	501.4012	0.1465733	0.4610168	0.27207	0.72793	0.3767778
3270	115.2095	-386.0529	501.2624	0.3461718	0.4271376	0.0741071	0.925893	0.3767778
3276	120.536	-380.7691	501.3051	0.59819	0.1898852	0.222885	0.777115	0.2062757
3282	115.2447	-384.9981	500.2427	0.8581973	0.5320336	0.302166	0.697834	0.1847136
3288	124.2403	-376.3999	500.6402	0.5032465	0.5308806	0.219219	0.780781	0.197272
3294	124.7413	-375.1256	499.867	0.8370789	0.7302923	0.458645	0.541355	0.1546389
3300	108.8426	-390.1618	499.0044	1.207665	0.5393387	0.182852	0.817148	0.05983937
3306	120.4159	-379.1757	499.5916	1.019708	0.689599	0.275895	0.724105	0.1264027
3312	116.0935	-383.6943	499.7878	1.127788	0.3685124	0.320903	0.679097	0.09591106
3318	108.8678	-391.255	500.1228	0.992541	0.2787628	0.31084	0.68916	0.09591106
3324	126.6484	-375.1376	501.786	0.2461097	0.1444507	0.275741	0.724259	0.1988986
3330	121.9534	-379.391	501.3444	0.3328637	0.3815857	0.33533	0.66467	0.3519696
3336	123.9144	-374.7986	498.713	0.948841	2.279597	0.567919	0.432081	0.2007171
3342	111.93	-388.7231	500.6532	0.948841	0.1308958	0.295982	0.704018	0.1012639
3348	124.118	-376.7363	500.8543	0.948841	0.08953268	0.0727712	0.927229	0.1054817
3354	113.1414	-386.386	499.5274	0.9647114	1.038599	0.311041	0.688959	0.1878279
3360	123.3086	-377.3669	500.6755	0.7978227	0.3378344	0.564103	0.435897	0.1893939
3366	121.8673	-379.3033	501.1706	0.2128171	0.4151197	0.499646	0.500354	0.211278
3372	118.4137	-382.9363	501.3501	0.6928353	0.1359023	0.0683391	0.931661	0.1923794
3378	116.3794	-384.9381	501.3175	0.490537	0.2185277	0.0543515	0.945649	0.2025912
3384	116.8332	-384.3747	501.208	0.5047134	0.3814557	0.127243	0.872757	0.4068838
3390	127.8927	-373.8729	501.7656	0.3308591	0.1145418	0.306289	0.693711	0.1838041
3396	123.1933	-377.9329	501.1262	0.7451924	0.2560083	0.467604	0.532396	0.2773843
3402	127.2133	-373.0502	500.2635	0.8484992	0.2995516	0.323938	0.676062	0.101604
3408	120.4467	-378.2765	498.7232	1.067978	1.330073	0.331626	0.668374	0.1014035
3414	120.8909	-378.6813	499.5722	1.087133	0.6860669	0.46043	0.53957	0.1340339
3420	112.2462	-388.5395	500.7856	0.4705895	0.3590986	0.377261	0.622739	0.1462668
3426	104.7849	-396.4858	501.2707	0.3724548	0.3362485	0.101229	0.898771	0.2551245
3432	125.4306	-375.6164	501.047	0.1326011	0.5704389	0.297277	0.702723	0.2340384
3438	119.848	-381.8624	501.7104	0.24149	0.2506258	0.156981	0.843019	0.3281706
3444	127.2832	-374.7127	501.996	0.0424889	0.1451524	0.514291	0.485709	0.2018517
3450	106.2953	-393.8832	500.1785	0.3871802	0.9219466	0.634437	0.365563	0.175039
3456	104.7828	-395.9531	500.7359	0.7635173	0.3230948	0.353778	0.646222	0.1875321
3462	113.8822	-387.7897	501.6719	0.01994273	0.2791276	0.630478	0.369522	0.218192
3468	114.0557	-387.0303	501.086	0.1061314	0.7238421	0.0845502	0.91545	0.4629143
3474	110.5705	-391.1409	501.7114	0.3582914	0.196122	0.116024	0.883976	0.2987825
3480	107.7647	-392.9	500.6647	0.6326258	0.419391	0.140958	0.859042	0.185615
3486	117.1543	-384.6113	501.7656	0.2565156	0.1386913	0.105932	0.894068	0.1891273
3492	113.6818	-386.92	500.6018	0.7956191	0.2451927	0.0355133	0.964487	0.123368
3498	116.8849	-384.0526	500.9375	0.4999319	0.108384	0.289126	0.710874	0.07453832
3504	117.601	-383.1473	500.7483	0.7172707	0.1875736	0.605921	0.394079	0.1087817
3510	130.5466	-370.6469	501.1934	0.2634807	0.3194265	0.245228	0.754772	0.1732466
3516	123.9855	-378.0979	502.0834	0.1807473	0.1300371	0.122219	0.877781	0.2795466
3522	111.9181	-389.3355	501.2536	0.2333962	0.4999362	0.0567653	0.943235	0.3854862
3528	112.0361	-388.6523	500.6884	0.5934882	0.4674848	0.0982238	0.901776	0.2086937
3534	118.1688	-383.3615	501.5303	0.499193	0.1702851	0.285951	0.714049	0.2311174
3540	115.3209	-386.0035	501.3243	0.3027307	0.2243648	0.335646	0.664354	0.1568248
3546	114.4509	-386.7611	501.212	0.5271891	0.2483384	0.121981	0.878019	0.2069193
3552	119.591	-382.1664	501.7574	0.5917589	0.07314073	0.426535	0.573465	0.2069193
3558	120.562	-379.7173	500.2793	0.6797466	0.4939657	0.502138	0.497862	0.1369473
3564	125.6178	-376.3173	501.9351	0.4136659	0.1078939	0.198579	0.801421	0.2779853
3570	126.0948	-375.6026	501.6974	0.2991349	0.2310787	0.455837	0.544163	0.3210965
3576	125.002	-376.3497	501.3517	0.334493	0.3355236	0.457696	0.542304	0.278814
3582	128.1198	-373.2754	501.3952	0.3043029	0.3355236	0.216393	0.783607	0.2874811
3588	117.2918	-383.3585	500.6504	0.2143942	0.8444347	0.27782	0.72218	0.2538037
3594	116.2416	-383.6045	499.8461	0.2773439	1.283814	0.34628	0.65372	0.1500439
3600	121.2636	-380.0979	501.3615	0.2169074	0.3780133	0.119157	0.880843	0.2672302
3606	106.3863	-395.4192	501.8054	0.3705103	0.1486368	0.295558	0.704442	0.2672302
3612	116.8872	-383.6558	500.543	1.019618	0.1440349	0.38044	0.61956	0.1023881
3618	116.1057	-383.0107	499.1165	1.217804	0.8397943	0.291075	0.708925	0.1118115
3624	114.6462	-386.9391	501.5853	0.3310997	0.09875482	0.0421133	0.957887	0.1288542
3630	117.8268	-382.7846	500.6114	0.4159478	0.5178484	0.243382	0.756618	0.1595195
3636	105.7829	-395.6062	501.3891	0.217813	0.2359273	0.363438	0.636562	0.1595195
3642	111.0243	-390.1566	501.181	0.2454188	0.2880114	0.492068	0.507932	0.1488042
3648	98.69277	-403.2286	501.9214	0.4623952	0.1048991	0.175294	0.824706	0.2930696
3654	117.0214	-384.292	501.3133	0.4843536	0.1749671	0.118694	0.881306	0.1621189
3660	117.5072	-383.3956	500.9028	0.6207728	0.2723625	0.66169	0.33831	0.1621189
3666	111.7927	-389.5782	501.3709	0.4382244	0.1597769	0.598671	0.401329	0.1531844
3672	116.5447	-384.3426	500.8874	0.4702236	0.2509288	0.441511	0.558489	0.1193985
3678	124.3423	-377.0335	501.3759	0.5984551	0.1672301	0.103767	0.896233	0.2058464
3684	124.9167	-376.4645	501.3812	0.3952067	0.2332717	0.165738	0.834262	0.2058464
3690	107.8216	-392.329	500.1506	0.4271178	0.8184917	0.0958089	0.904191	0.1503251
3696	112.9948	-387.9086	500.9035	0.2962628	0.4969882	0.821563	0.178437	0.1977054
3702	121.6149	-379.2912	500.9062	0.6601578	0.3078389	0.111029	0.888971	0.1977054
3708	116.3611	-384.2657	500.6268	0.1773622	1.060593	0.216332	0.783668	0.4034633
3714	120.5261	-379.0817	499.6079	0.9853501	0.8089746	0.319015	0.680985	0.1512779
3720	116.9329	-383.94	500.8729	0.06536334	0.7493109	0.197292	0.802708	0.2350909
3726	122.1784	-380.0176	502.196	0.01567842	0.1277293	0.490461	0.509539	0.2457743
3732	127.1805	-374.2177	501.3982	0.08129373	0.4090976	0.871456	0.128544	0.246955
3738	130.9698	-370.9404	501.9101	0.1671378	0.2009189	0.490894	0.509106	0.3163015
3744	134.5202	-367.6237	502.1438	0.3786716	0.06503059	0.280641	0.719359	0.2668198
3750	114.8027	-386.2951	501.0979	0.8280866	0.1240231	0.486028	0.513972	0.1505021
3756	127.4757	-373.0662	500.5418	0.7013497	0.3648093	0.502224	0.497776	0.1460022
3762	109.0117	-392.9198	501.9315	0.1023083	0.1896497	0.321958	0.678042	0.263174
3768	111.2822	-390.6316	501.9138	0.02714343	0.2211985	0.203186	0.796814	0.263174
3774	101.0785	-400.5518	501.6304	0.8691494	0.07296775	0.350105	0.649895	0.2757935
3780	109.6076	-391.3844	500.992	0.4364872	0.350342	0.279339	0.720661	0.1839774
3786	111.3848	-390.2991	501.6839	0.2610156	0.1556161	0.289266	0.710734	0.1839774
3792	108.7875	-392.2234	501.0109	0.4375384	0.4322844	0.0448901	0.95511	0.25301
3798	114.7368	-386.3085	501.0452	0.6081474	0.2394695	0.548744	0.451256	0.1734862
3804	113.2219	-387.6693	500.8912	0.5250616	0.4263509	0.0250478	0.974952	0.232685
3810	122.6211	-378.4753	501.0965	0.361035	0.430829	0.416003	0.583997	0.2563241
3816	118.4047	-382.8087	501.2135	0.6931971	0.1537375	0.67662	0.32338	0.1716551
3822	123.018	-374.9092	497.9272	1.314387	3.283518	0.0864837	0.913516	0.2136087
3828	120.3275	-378.7832	499.1107	1.314387	0.9237848	0.220049	0.779951	0.1428976
3834	119.4305	-380.0323	499.4629	0.8511013	0.9237848	0.239823	0.760177	0.1228389
3840	101.3443	-398.9709	500.3152	0.7126665	0.7970917	0.404222	0.595778	0.3281823
3846	110.5599	-390.8124	501.3723	0.3172688	0.3110435	0.233615	0.766385	0.250249
3852	126.5204	-373.8485	500.369	0.4111359	0.8389607	0.0917186	0.908281	0.2140393
3858	119.9346	-380.3305	500.2651	0.6077031	0.5357872	0.100969	0.899031	0.1335055
3864	124.2839	-376.9571	501.2409	0.6077031	0.1187741	0.1367	0.8633	0.1313583
3870	116.5225	-383.2335	499.7561	0.9396551	0.608559	0.310401	0.689599	0.1219382
3876	115.2562	-385.2398	500.496	0.4621376	0.6995626	0.110565	0.889435	0.2172309
3882	119.8896	-380.0501	499.9397	0.9222979	0.4611083	0.323723	0.676277	0.1117065
3888	118.0408	-382.3057	500.3465	0.9222979	0.3963908	0.671631	0.328369	0.1660433
3894	122.1275	-379.0879	501.2154	0.5768195	0.1992868	0.599302	0.400698	0.1803399
3900	118.9068	-381.8222	500.729	0.4759501	0.3931477	0.238784	0.761216	0.1498755
3906	113.5533	-387.0823	500.6356	0.6101043	0.5097018	0.408979	0.591021	0.2218481
3912	121.1719	-380.2046	501.3765	0.1118462	0.3872229	0.435714	0.564286	0.2315926
3918	116.1032	-386.002	502.1052	0.3655345	0.06107781	0.705196	0.294804	0.2315926
3924	118.0261	-382.9528	500.9789	0.3803217	0.4968339	0.317142	0.682858	0.2654769
3930	116.7377	-384.6556	501.3933	0.1013343	0.4968339	0.25398	0.74602	0.3898074
3936	116.6729	-384.0887	500.7616	0.03708942	0.7902363	0.437915	0.562085	0.2005386
3942	106.4599	-394.0091	500.469	0.01563672	1.344278	0.428209	0.571791	0.313818
3948	123.9318	-377.6975	501.6294	0.04547994	0.3630503	0.138666	0.861334	0.31257
3954	114.1843	-386.8187	501.003	0.1575043	0.5981191	0.272932	0.727068	0.2440517
3960	112.6068	-388.7682	501.3749	0.2779587	0.396275	0.274877	0.725123	0.3574286
3966	126.0631	-376.2925	502.3556	0.05271243	0.09876106	0.168657	0.831343	0.2921037
3972	123.1127	-378.8097	501.9224	0.1505991	0.1301399	0.382359	0.617641	0.1951066
3978	108.5517	-391.2444	499.7961	0.8465633	0.7551528	0.280552	0.719448	0.1480471
3984	112.8017	-388.3259	501.1275	0.4202051	0.4494713	0.123661	0.876339	0.3497518
3990	120.1851	-380.1858	500.3709	0.05075217	1.404328	0.147632	0.852368	0.3011484
3996	127.9626	-373.1509	501.1135	0.4990743	0.3319763	0.488202	0.511798	0.2358907
4002	107.6727	-393.5472	501.2199	0.1089233	0.5016574	0.878413	0.121587	0.2534131
4008	114.9548	-386.8736	501.8284	0.04793817	0.2168415	0.511416	0.488584	0.2264217
4014	116.718	-384.4542	501.1722	0.6330777	0.1476374	0.295848	0.704152	0.1435228
4020	129.0012	-373.4867	502.488	0.02166107	0.06890199	0.465779	0.534221	0.2702062
4026	128.1	-373.8082	501.9082	0.1489263	0.10207	0.509754	0.490246	0.1601465
4032	115.1254	-386.2911	501.4165	0.4020769	0.2813383	0.596907	0.403093	0.2841086
4038	120.2932	-381.231	501.5242	0.09917783	0.3984507	0.405971	0.594029	0.3296829
4044	125.9815	-375.4384	501.4199	0.2405854	0.3984507	0.3029	0.6971	0.37346
4050	118.4628	-382.7996	501.2624	0.316113	0.217763	0.0613945	0.938606	0.142508
4056	109.3977	-391.1702	500.5679	0.5191853	0.7159425	0.473224	0.526776	0.2947106
4062	116.041	-384.4604	500.5014	0.6573977	0.3589415	0.473262	0.526738	0.1278522
4068	123.3669	-377.2133	500.5802	1.258819	0.06105226	0.295982	0.704018	0.09338065
4074	117.9066	-383.0045	500.9112	1.055751	0.04262859	0.629814	0.370186	0.0976189
4080	113.6203	-387.655	501.2753	0.5718375	0.06673441	0.889787	0.110213	0.0976189
4086	126.1063	-375.3849	501.4912	0.4219578	0.1631322	0.0936437	0.906356	0.1821857
4092	122.8315	-377.4224	500.2538	0.6135676	0.5760099	0.131805	0.868195	0.1443506
4098	123.8117	-377.7984	501.61	0.3386717	0.168789	0.382375	0.617625	0.1988904
4104	116.4118	-385.9089	502.3207	0.106461	0.1094679	0.0631309	0.936869	0.3483063
4110	123.4143	-377.5001	500.9144	0.3508373	0.5865023	0.209838	0.790162	0.2949878
4116	113.4146	-387.9467	501.3613	0.2768423	0.3877019	0.388789	0.611211	0.3237945
4122	117.9901	-383.076	501.0661	0.491727	0.4299327	0.584392	0.415608	0.3237945
4128	124.7644	-375.0654	499.8298	0.9683519	0.4924778	0.195352	0.804648	0.1102591
4134	133.877	-366.5602	500.4372	0.9683519	0.2161083	0.579746	0.420254	0.1123146
4140	110.4994	-391.1606	501.66	0.01322745	0.3173639	0.350875	0.649125	0.249225
4146	98.931	-403.2958	502.2268	0.02482367	0.1378994	0.450025	0.549975	0.2906289
4152	127.4609	-371.9791	499.44	1.056479	0.5971776	0.271829	0.728171	0.09269036
4158	115.2824	-384.3056	499.588	0.7706188	1.237622	0.534958	0.465042	0.2030128
4164	113.1297	-388.9707	502.1004	0.003850171	0.2155997	0.530047	0.469953	0.4050095
4170	106.6588	-394.5192	501.178	0.4405499	0.3869634	0.279956	0.720044	0.3059416
4176	112.1744	-389.1504	501.3248	0.2695611	0.3869634	0.66958	0.33042	0.2882316
4182	106.1321	-395.6999	501.832	0.1884161	0.2262852	0.124634	0.875366	0.3310451
4188	97.89086	-403.544	501.4349	0.6052918	0.2266858	0.0257527	0.974247	0.3537359
4194	116.3203	-385.8648	502.1851	0.3300705	0.07636458	0.531781	0.468219	0.2970018
4200	117.7938	-383.9869	501.7806	0.8403339	0.04254414	0.535887	0.464113	0.2593469
4206	115.3887	-386.3295	501.7182	0.4679069	0.1665078	0.0142155	0.985785	0.3169763
4212	125.5434	-375.3813	500.9248	0.8432394	0.233158	0.224937	0.775063	0.202831
4218	121.3584	-378.365	499.7234	0.9430626	0.6145557	0.224937	0.775063	0.1186551
4224	129.6829	-370.9392	500.6221	0.9430626	0.1278277	0.445623	0.554377	0.09533787
4230	123.0408	-376.4131	499.4539	1.05655	0.4851786	0.526248	0.473752	0.07632056
4236	117.1161	-382.3642	499.4803	1.158025	0.685946	0.169684	0.830316	0.1302294
4242	117.8762	-383.2846	501.1608	0.5468633	0.2512732	0.515479	0.484521	0.1987833
4248	118.4041	-382.3637	500.7678	0.3815866	0.4280959	0.417946	0.582054	0.152166
4254	120.5376	-380.8998	501.4374	0.2681254	0.3451668	0.700214	0.299786	0.3070849
4260	135.5627	-365.6024	501.1651	0.6984879	0.1656275	0.229657	0.770343	0.1709277
4266	120.0891	-380.1574	500.2465	0.6667387	0.4325101	0.227615	0.772385	0.1117315
4272	116.1904	-384.4475	500.6378	0.6365284	0.3884346	0.479318	0.520682	0.1636041
4278	122.0652	-378.2113	500.2766	0.6365284	0.7159281	0.602033	0.397967	0.2083752
4284	117.7242	-384.46	502.1842	0.3898966	0.06355623	0.467046	0.532954	0.2952118
4290	123.3211	-377.999	501.3201	0.1450505	0.3273274	0.137392	0.862608	0.1802766
4296	119.5762	-381.4569	501.0331	0.1208644	0.5364404	0.719339	0.280661	0.2037508
4302	116.684	-384.727	501.411	0.2671919	0.1745288	0.523441	0.476559	0.1364654
4308	111.9595	-389.3966	501.3561	0.3766466	0.2564807	0.383788	0.616212	0.2122143
4314	113.8158	-386.573	500.3888	0.4680664	0.8021315	0.0652139	0.934786	0.2274961
4320	120.0978	-380.8058	500.9036	0.3668575	0.4529402	0.326002	0.673998	0.1961501
4326	119.5381	-381.6033	501.1414	0.4087845	0.3298443	0.31049	0.68951	0.2090873
4332	116.5355	-385.7333	502.2689	0.2587767	0.03812837	0.0652481	0.934752	0.2090873
4338	124.0496	-378.5057	502.5552	0.1445708	0.04691767	0.208578	0.791422	0.3309923
4344	116.9402	-383.5928	500.533	0.5957865	0.6597011	0.13857	0.86143	0.2733961
4350	125.0418	-376.0912	501.133	0.5957865	0.2263402	0.182296	0.817704	0.1845303
4356	126.0436	-373.8245	499.8681	1.142992	0.2628758	0.115375	0.884625	0.08055764
4362	123.2223	-376.4308	499.6531	1.319256	0.2784495	0.229506	0.770494	0.08055764
4368	130.846	-368.4784	499.3244	1.319256	0.2039164	0.0919997	0.908	0.0441514
4374	121.3825	-378.4927	499.8753	0.9979186	0.2536755	0.702768	0.297232	0.06666961
4380	116.0536	-385.459	501.5126	0.2120854	0.3109925	0.0631517	0.936848	0.2691106
4386	122.991	-378.3133	501.3043	0.2754329	0.3578116	0.0631517	0.936848	0.2461942
4392	121.3113	-380.5509	501.8622	0.5427301	0.08161502	0.231495	0.768505	0.2461942
4398	127.646	-373.4849	501.1309	0.3557691	0.4834599	0.453423	0.546577	0.3473529
4404	123.0326	-376.995	500.0276	0.8362832	0.7283269	0.391403	0.608597	0.1969931
4410	124.578	-376.3815	500.9595	0.567998	0.3926405	0.492517	0.507483	0.2551578
4416	123.1054	-378.077	501.1824	0.1853222	0.5965795	0.222054	0.777946	0.4862479
4422	122.8825	-379.1267	502.0092	0.2437497	0.1717444	0.170023	0.829977	0.4483459
4428	128.8763	-371.373	500.2493	0.5514438	0.7186932	0.521047	0.478953	0.174729
4434	118.4938	-379.2448	497.7386	1.108323	4.541146	0.32917	0.67083	0.2291203
4440	108.8387	-391.9485	500.7872	0.52983	0.4229141	0.399745	0.600255	0.1936569
4446	116.999	-383.8979	500.8969	0.52983	0.3837721	0.0707676	0.929232	0.2051427
4452	115.3512	-387.0427	502.3939	0.3371855	0.03944946	0.560464	0.439536	0.3255492
4458	117.3445	-384.1445	501.489	0.4939557	0.2199146	0.299441	0.700559	0.2865779
4464	116.7	-385.0756	501.7756	0.1663937	0.2380394	0.130487	0.869513	0.2928446
4470	119.5274	-381.4977	501.0251	0.3378613	0.5211002	0.443787	0.556213	0.2928446
4476	122.1411	-379.235	501.3761	0.6475288	0.1140418	0.0297219	0.970278	0.163898
4482	115.1351	-385.9213	501.0563	0.7650612	0.285652	0.319294	0.680706	0.2931536
4488	108.5741	-391.8657	500.4398	0.7650612	0.3427122	0.188355	0.811645	0.1299101
4494	116.362	-384.8127	501.1747	0.7717339	0.1758042	0.401663	0.598337	0.2058717
4500	115.8302	-385.0391	500.8693	0.7717339	0.1758042	0.111277	0.888723	0.1304587
4506	108.3937	-390.7713	499.1649	1.168276	0.3720577	0.408231	0.591769	0.04914151
4512	110.2901	-389.0046	499.2947	1.46975	0.2387491	0.41601	0.58399	0.05630927
4518	114.5589	-384.5095	499.0684	1.633759	0.2207365	0.659793	0.340207	0.04968958
4524	115.7121	-381.8463	497.5584	1.633759	1.891669	0.272795	0.727205	0.07887712
4530	113.649	-386.1812	499.8302	1.046872	0.575702	0.726792	0.273208	0.1462293
4536	117.1332	-383.3902	500.5234	0.6181516	0.4741881	0.287428	0.712572	0.1697107
4542	111.1553	-388.3489	499.5042	0.7777138	1.126763	0.591952	0.408048	0.1548464
4548	114.1724	-386.4241	500.5965	0.6443636	0.5035909	0.479464	0.520536	0.2160381
4554	114.4417	-386.6549	501.0967	0.6556953	0.2556515	0.576533	0.423467	0.2188555
4560	112.4919	-387.9188	500.4106	0.7173316	0.5574743	0.472028	0.527972	0.2060548
4566	115.9349	-385.6157	501.5506	0.2983286	0.2365519	0.251145	0.748855	0.238234
4572	119.3922	-381.3872	500.7793	0.3027448	0.5394288	0.16475	0.83525	0.1826215
4578	113.3519	-387.6356	500.9875	0.2402817	0.572265	0.261825	0.738175	0.2586988
4584	125.4739	-376.8238	502.2977	0.1894467	0.1001784	0.445289	0.554711	0.3762564
4590	124.1527	-376.9128	501.0656	0.1037769	0.3552676	0.300427	0.699573	0.1283513
4596	107.4698	-394.5831	502.0529	0.4634487	0.06144911	0.592917	0.407083	0.2539474
4602	122.9465	-379.1827	502.1292	0.3739647	0.06144911	0.259883	0.740117	0.2473393
4608	124.3912	-377.5338	501.925	0.2493563	0.09878511	0.504737	0.495263	0.1875741
4614	121.2703	-379.8487	501.119	0.5679599	0.331233	0.0965889	0.903411	0.2735487
4620	134.3486	-366.563	500.9116	0.3782002	0.52919	0.212701	0.787299	0.2563072
4626	125.4978	-375.2251	500.7229	1.327748	0.05911386	0.276833	0.723167	0.120714
4632	130.8589	-369.2586	500.1175	1.327748	0.1198077	0.269976	0.730024	0.07941533
4638	128.5493	-372.2603	500.8096	0.6189042	0.36649	0.14183	0.85817	0.1941599
4644	127.5877	-373.1671	500.7548	0.6189042	0.289771	0.236148	0.763852	0.1390189
4650	129.4214	-372.3759	501.7973	0.2572019	0.1536804	0.466489	0.533511	0.218519
4656	116.1557	-385.6796	501.8353	0.5246291	0.1058402	0.0164649	0.983535	0.2797065
4662	128.318	-373.5609	501.8788	0.1057389	0.2079753	0.511335	0.488665	0.2664068
4668	117.3815	-383.6316	501.0132	0.3148484	0.5821642	0.511335	0.488665	0.3447623
4674	128.8964	-372.8976	501.794	0.3871882	0.1896491	0.571938	0.428062	0.4049372
4680	132.8999	-368.2561	501.156	0.2225235	0.47499	0.467062	0.532938	0.2559406
4686	127.0775	-374.5067	501.5841	0.2118083	0.3330731	0.230408	0.769592	0.3756461
4692	111.6874	-389.589	501.2764	0.2801002	0.2915754	0.307614	0.692386	0.1830381
4698	115.1184	-387.1629	502.2813	0.1322083	0.09944613	0.125346	0.874654	0.2979449
4704	109.2059	-392.8765	502.0824	0.4574097	0.08293665	0.164528	0.835472	0.3462428
4710	119.6096	-381.2997	500.9093	0.4169778	0.4179929	0.383025	0.616975	0.1936578
4716	107.8472	-393.1646	501.0118	0.6605107	0.1827976	0.270889	0.729111	0.1403942
4722	118.9343	-381.0941	500.0284	1.345855	0.1629981	0.452973	0.547027	0.08799505
4728	108.2403	-392.8973	501.1375	1.247825	0.02912132	0.238252	0.761748	0.1569334
4734	120.4342	-380.6497	501.0839	0.1699885	0.5680087	0.773698	0.226302	0.2697568
4740	121.2191	-379.1675	500.3866	1.05251	0.3550612	0.533328	0.466672	0.190111
4746	127.2651	-374.2949	501.56	0.4548051	0.1614554	0.456031	0.543969	0.2135177
4752	117.74	-383.8391	501.5791	0.1768983	0.320235	0.235637	0.764363	0.3040302
4758	111.2129	-390.7246	501.9375	0.2379105	0.1393506	0.281554	0.718446	0.2491904
4764	118.2003	-381.9243	500.1246	0.7979818	0.3451121	0.331012	0.668988	0.09111276
4770	109.3331	-391.979	501.3121	0.1424135	0.4436343	0.122065	0.877935	0.2674662
4776	110.7703	-390.5637	501.334	0.2211291	0.2833491	0.650988	0.349012	0.1771085
4782	110.2544	-390.0049	500.2593	0.8282202	0.4785584	0.376579	0.623421	0.1583629
4788	112.7706	-386.7812	499.5518	1.273259	0.7895131	0.269832	0.730168	0.2093759
4794	110.5269	-388.6497	499.1765	0.9603494	1.73402	0.0990698	0.90093	0.2679706
4800	114.4972	-387.3398	501.837	0.2512681	0.1750533	0.398726	0.601274	0.2679706
4806	108.0658	-393.8062	501.872	0.5600404	0.06506559	0.424628	0.575372	0.2235783
4812	119.1733	-382.0056	501.179	0.5600404	0.2553162	0.144906	0.855094	0.2134406
4818	125.9014	-375.3776	501.2791	0.3595961	0.2519443	0.295495	0.704505	0.178442
4824	123.0813	-378.906	501.9873	0.1240261	0.1556105	0.159554	0.840446	0.2459592
4830	127.4502	-373.6253	501.0756	0.2305972	0.4378707	0.354846	0.645154	0.1989994
4836	125.4105	-375.6647	501.0751	0.1389251	0.4601841	0.135658	0.864342	0.1828471
4842	129.7457	-370.324	500.0698	0.6034015	1.009078	0.211009	0.788991	0.2453229
4848	129.4343	-371.2305	500.6648	0.8785101	0.1864391	0.406642	0.593358	0.1197652
4854	111.5599	-388.8801	500.44	0.9762205	0.3161012	0.221491	0.778509	0.1611594
4860	127.4472	-373.1943	500.6415	0.9762205	0.1378324	0.373788	0.626212	0.1067012
4866	119.1475	-381.359	500.5065	1.098162	0.06627574	0.289385	0.710615	0.0727183
4872	115.4555	-383.5686	499.0241	0.7374539	1.292594	0.145721	0.854279	0.09410491
4878	111.7477	-388.2351	499.9828	1.020103	0.5116053	0.253826	0.746174	0.1517184
4884	114.4919	-385.9519	500.4438	0.9895156	0.1822184	0.0436969	0.956303	0.1022399
4890	114.0749	-385.6082	499.6832	1.037597	0.7417844	0.428861	0.571139	0.1618432
4896	115.968	-385.7386	501.7066	0.1870775	0.2273996	0.487588	0.512412	0.2475499
4902	122.7323	-377.4455	500.1778	0.6615366	0.6014026	0.487588	0.512412	0.1462666
4908	109.8007	-390.0189	499.8196	0.6615366	0.9903559	0.58613	0.41387	0.1714042
4914	110.8323	-390.6868	501.5191	0.2241743	0.3003194	0.341225	0.658775	0.2656858
4920	119.6597	-379.5968	499.2566	0.9072009	1.470393	0.337495	0.662505	0.19976
4926	107.873	-392.1161	499.989	1.187989	0.255212	0.228349	0.771651	0.0962222
4932	120.0369	-381.145	501.1819	0.2406409	0.3427514	0.338194	0.661806	0.1777422
4938	116.8894	-384.3984	501.2878	0.298458	0.2823343	0.222978	0.777022	0.1852545
4944	104.4854	-396.4123	500.8977	0.6169516	0.1765318	0.162648	0.837352	0.1107965
4950	115.3335	-385.8984	501.232	0.331298	0.3035203	0.10812	0.89188	0.1935287
4956	113.1029	-388.8186	501.9214	0.1927452	0.1798987	0.12679	0.87321	0.2945408
4962	109.3121	-392.1255	501.4376	0.2717856	0.223376	0.298262	0.701738	0.1767062
4968	108.6377	-390.4447	499.0825	1.181116	0.7184328	0.0821835	0.917816	0.08537462
4974	118.1901	-381.9542	500.1442	0.6401577	0.7111747	0.277422	0.722578	0.1679598
4980	119.1614	-381.9399	501.1013	0.2460604	0.525924	0.216374	0.783626	0.2873993
4986	117.8671	-383.7952	501.6623	0.1744639	0.2695793	0.481221	0.518779	0.2772207
4992	129.0235	-371.6251	500.6486	0.9040363	0.1640118	0.331686	0.668314	0.1103585
4998	112.2384	-388.3145	500.5529	0.4660501	0.4928096	0.0857927	0.914207	0.1485186
5004	114.9323	-385.0234	499.9557	0.5624958	0.8546215	0.701118	0.298882	0.1464737
5010	113.4995	-386.2394	499.739	0.7029477	1.321554	0.543404	0.456596	0.2710233
5016	119.8876	-380.6124	500.5	0.6566898	0.3933768	0.543404	0.456596	0.1401139
5022	118.1462	-383.2314	501.3776	0.5218326	0.1660476	0.203759	0.796241	0.1810456
5028	120.3528	-381.0008	501.3535	0.749422	0.1093319	0.406597	0.593403	0.1796461
5034	106.6568	-394.8044	501.4612	0.1130031	0.4249972	0.436375	0.563625	0.3306947
5040	111.1928	-390.0615	501.2543	0.344689	0.276346	0.188206	0.811794	0.1846999
5046	109.5132	-391.1526	500.6658	0.517215	0.4818893	0.069739	0.930261	0.1846999
5052	114.1577	-386.8311	500.9888	0.0853355	0.4818893	0.493905	0.506095	0.1565883
5058	117.3539	-384.6166	501.9705	0.1640935	0.2005686	0.0756384	0.924362	0.3802773
5064	121.5053	-380.1812	501.6864	0.1115146	0.2437562	0.192886	0.807114	0.2246108
5070	120.6993	-380.9072	501.6065	0.2478567	0.1580478	0.330633	0.669367	0.1622532
5076	120.9207	-381.1136	502.0343	0.150093	0.1698372	0.285377	0.714623	0.3252717
5082	118.5725	-383.132	501.7045	0.3287046	0.20841	0.660814	0.339186	0.2987335
5088	122.8309	-379.032	501.8628	0.4210742	0.1538634	0.0525765	0.947423	0.3794882
5094	116.6634	-384.4458	501.1092	0.2773519	0.3805315	0.424208	0.575792	0.1899265
5100	118.5661	-382.7464	501.3124	0.394683	0.2632231	0.0662029	0.933797	0.2091633
5106	116.5021	-385.4563	501.9584	0.09944117	0.1227955	0.347439	0.652561	0.1820225
5112	126.5562	-374.0074	500.5636	0.417831	0.5651217	0.552344	0.447656	0.1662961
5118	118.6218	-382.0787	500.7005	0.5625335	0.5632692	0.295301	0.704699	0.270868
5124	123.6173	-377.5245	501.1418	0.150551	0.552163	0.275863	0.724137	0.278392
5130	126.5039	-374.4942	500.9981	0.5834471	0.2677061	0.310001	0.689999	0.1738557
5136	116.9659	-383.1542	500.1201	0.4775593	0.6105236	0.266068	0.733932	0.107754
5142	117.444	-381.0089	498.4528	0.9819935	2.970013	0.41283	0.58717	0.2402785
5148	112.9562	-386.9953	499.9515	0.4739539	1.272914	0.620601	0.379399	0.2414604
5154	109.1942	-391.0735	500.2677	0.1577571	1.272914	0.0452718	0.954728	0.2414604
5160	114.272	-387.9387	502.2107	0.2439485	0.07746122	0.400093	0.599907	0.2620006
5166	104.0518	-397.0233	501.0751	0.3406963	0.4599867	0.304376	0.695624	0.2620006
5172	116.213	-384.7128	500.9259	0.3788896	0.3966837	0.295177	0.704823	0.1755192
5178	110.9752	-389.3495	500.3248	0.7994918	0.2652772	0.365293	0.634707	0.09305909
5184	114.2933	-387.0104	501.3037	0.3781721	0.2691898	0.365623	0.634377	0.2055423
5190	119.7616	-381.5331	501.2947	0.5146556	0.1831164	0.428334	0.571666	0.1715406
5196	107.8612	-392.9896	500.8508	0.6204347	0.4292795	0.428334	0.571666	0.2622144
5202	108.5348	-390.6503	499.1851	1.064956	0.6682516	0.603739	0.396261	0.07765893
5208	119.059	-381.1731	500.2321	1.064956	0.2591822	0.0244135	0.975587	0.1134497
5214	116.9897	-384.374	501.3638	0.1530471	0.4472707	0.261213	0.738787	0.3152384
5220	124.7899	-377.2622	502.0521	0.2229144	0.07595767	0.11919	0.88081	0.1871508
5226	126.6143	-375.9253	502.5396	0.04362964	0.0428498	0.265755	0.734245	0.2412194
5232	112.0932	-389.783	501.8761	0.2010827	0.06608949	0.285372	0.714628	0.1309249
5238	122.0659	-378.5969	500.6627	0.819483	0.2595683	0.324613	0.675387	0.1457908
5244	124.9443	-376.0222	500.9665	0.6679479	0.260208	0.706734	0.293266	0.1832927
5250	124.6738	-376.7041	501.3779	0.7987654	0.0948614	0.33832	0.66168	0.1832927
5256	117.0499	-384.8877	501.9375	0.2580591	0.1726276	0.0288806	0.971119	0.3459652
5262	118.5804	-383.3098	501.8902	0.0683478	0.2719433	0.128834	0.871166	0.4145155
5268	116.2313	-386.0692	502.3004	0.02659975	0.09277367	0.077504	0.922496	0.2333289
5274	119.8972	-381.7968	501.6941	0.1450513	0.1296096	0.223	0.777	0.137279
5280	120.4217	-381.6913	502.1131	0.05446211	0.1279614	0.409675	0.590325	0.2264563
5286	126.7987	-374.5146	501.3133	0.4607628	0.2429176	0.643035	0.356965	0.214385
5292	123.8457	-376.903	500.7487	0.5751689	0.5555781	0.29504	0.70496	0.3039676
5298	119.9752	-380.6316	500.6068	0.4770693	0.5896925	0.138623	0.861377	0.2075541
5304	127.3421	-373.9231	501.2652	0.5862088	0.1830086	0.303269	0.696731	0.1829727
5310	125.8183	-375.4571	501.2754	0.5595111	0.3013258	0.279949	0.720051	0.3358454
5316	118.1564	-383.1372	501.2936	0.2407074	0.4513422	0.19008	0.80992	0.3386213
5322	116.8499	-384.0783	500.9281	0.3766947	0.4975776	0.163322	0.836678	0.238533
5328	119.936	-381.3128	501.2487	0.2515367	0.3639772	0.334278	0.665722	0.2174204
5334	123.5156	-378.6208	502.1363	0.1133124	0.1505756	0.239865	0.760135	0.3253068
5340	118.662	-382.7697	501.4316	0.07495003	0.4077735	0.239865	0.760135	0.2595555
5346	122.2333	-379.4646	501.6979	0.2110528	0.2511174	0.197833	0.802167	0.2939679
5352	125.7278	-375.6835	501.4114	0.1382849	0.3827132	0.165968	0.834032	0.2565415
5358	121.9171	-377.4236	499.3407	0.5716637	2.161229	0.397446	0.602554	0.2880608
5364	123.1694	-376.1316	499.301	0.6953949	1.312709	0.464594	0.535406	0.1299869
5370	123.208	-378.3639	501.5719	0.2652429	0.254492	0.463489	0.536511	0.2556131
5376	101.8388	-396.4031	498.2419	0.7832831	4.228572	0.165487	0.834513	0.2689614
5382	103.2691	-399.1753	502.4443	0.07554514	0.1010312	0.298564	0.701436	0.4843735
5388	116.6013	-384.5907	501.1919	0.5079402	0.3217333	0.701381	0.298619	0.2687782
5394	119.6931	-380.914	500.6071	0.9812444	0.2275078	0.109262	0.890738	0.1501972
5400	118.1637	-381.9108	500.0745	0.6879665	0.6698365	0.721359	0.278641	0.1501972
5406	114.251	-387.3993	501.6503	0.1424255	0.3018623	0.31143	0.68857	0.3001663
5412	119.3655	-381.8778	501.2433	0.5369452	0.333694	0.270612	0.729388	0.3561114
5418	119.1829	-382.5018	501.6846	0.3528193	0.2060447	0.285701	0.714299	0.2967737
5424	116.4641	-384.583	501.0471	0.771661	0.09945683	0.167343	0.832657	0.1137253
5430	125.6137	-375.9403	501.554	0.6332731	0.09945683	0.332533	0.667467	0.1924197
5436	120.6374	-380.2864	500.9239	0.4868542	0.4825849	0.561113	0.438887	0.2821907
5442	130.8588	-370.3142	501.173	0.4868542	0.2116027	0.0935897	0.90641	0.156044
5448	118.1892	-382.4554	500.6446	0.7458908	0.1860821	0.649117	0.350883	0.09837891
5454	115.2072	-386.3593	501.5665	0.2445828	0.2084705	0.10181	0.89819	0.1940948
5460	116.0671	-385.4095	501.4766	0.4426214	0.1758258	0.615357	0.384643	0.1967299
5466	115.846	-384.2624	500.1085	0.7555667	0.6239158	0.262138	0.737862	0.1587519
5472	120.3732	-379.7704	500.1436	0.8826485	0.3928288	0.248685	0.751315	0.1173943
5478	124.4321	-375.4441	499.8762	0.7001506	0.6879784	0.490078	0.509922	0.1203264
5484	121.1732	-378.703	499.8762	0.7001506	0.6879784	0.411948	0.588052	0.1203264
5490	117.7629	-382.2014	499.9643	0.9217843	0.4801965	0.197988	0.802012	0.1203264
5496	118.7856	-382.0859	500.8715	0.6534273	0.2498132	0.0759739	0.924026	0.1494593
5502	128.8786	-372.2499	501.1285	0.3791878	0.2693558	0.614425	0.385575	0.1566681
5508	126.0885	-375.549	501.6375	0.1877058	0.2851146	0.0698724	0.930128	0.294928
5514	114.893	-385.3753	500.2684	0.8303012	0.4426023	0.134886	0.865114	0.1469853
5520	120.8008	-378.3921	499.1929	1.124998	0.6721238	0.277851	0.722149	0.08473492
5526	109.5468	-390.6113	500.158	1.124998	0.2754454	0.369996	0.630004	0.1174642
5532	107.8306	-392.7114	500.5419	0.3849265	0.9206013	0.30605	0.69395	0.3717535
5538	116.9523	-384.6518	501.6042	0.2955688	0.2383163	0.225195	0.774805	0.2665168
5544	119.4287	-380.5539	499.9826	0.7618281	0.5611434	0.159499	0.840501	0.1185348
5550	119.9247	-379.8047	499.7294	0.7121676	0.6095776	0.226951	0.773049	0.08859553
5556	130.9313	-369.4243	500.3556	0.5602441	0.6228534	0.092902	0.907098	0.1711323
5562	126.4838	-374.5925	501.0763	0.5602441	0.2424128	0.092902	0.907098	0.1711323
5568	117.9821	-383.2942	501.2762	0.486416	0.2129177	0.30732	0.69268	0.1833268
5574	118.9499	-380.6141	499.564	0.7269413	1.48978	0.269409	0.730591	0.2591658
5580	123.7002	-378.2139	501.9142	0.1286553	0.1495649	0.299883	0.700117	0.2088053
5586	117.0655	-385.34	502.4056	0.2045336	0.06697286	0.37982	0.62018	0.3410973
5592	123.2134	-378.6547	501.868	0.1344342	0.2268662	0.278389	0.721611	0.3160718
5598	127.0903	-374.3481	501.4384	0.5313344	0.2304988	0.310633	0.689367	0.2980097
5604	124.1155	-377.9267	502.0422	0.1149555	0.1137679	0.37028	0.62972	0.2018462
5610	125.1372	-375.352	500.4891	0.4071244	0.9478279	0.24885	0.75115	0.3689636
5616	123.5384	-375.2803	498.8187	1.07205	1.857577	0.263682	0.736318	0.196522
5622	122.1302	-379.8727	502.0029	0.1480915	0.1667277	0.321109	0.678891	0.2903866
5628	126.6433	-373.9198	500.5631	0.3729088	0.7140501	0.480676	0.519324	0.2159292
5634	115.9507	-385.971	501.9217	0.4819528	0.09095234	0.585054	0.414946	0.2676673
5640	126.3832	-374.6241	501.0073	0.4167977	0.4604139	0.229626	0.770374	0.2670911
5646	130.0779	-371.6876	501.7654	0.07301042	0.2621532	0.498925	0.501075	0.2670911
5652	123.5959	-376.8882	500.4841	0.02878017	1.079726	0.822953	0.177047	0.2074636
5658	125.248	-375.4434	500.6914	0.02647602	0.9910284	0.499956	0.500044	0.2589007
5664	130.3425	-371.7627	502.1052	0.0210403	0.1979332	0.408561	0.591439	0.3574654
5670	123.6045	-378.7664	502.3709	0.09883484	0.08538711	0.143405	0.856595	0.2940669
5676	127.7835	-373.3013	501.0847	0.4509593	0.3290346	0.250986	0.749014	0.2033712
5682	122.4792	-377.7938	500.273	0.5544171	0.6625749	0.336372	0.663628	0.1627379
5688	122.1535	-378.5068	500.6603	0.638501	0.4479821	0.293905	0.706095	0.2026276
5694	115.9202	-383.9267	499.847	0.6847552	1.098891	0.548848	0.451152	0.2212708
5700	117.5874	-383.325	500.9124	0.654248	0.3124466	0.273233	0.726767	0.2013042
5706	122.5021	-379.0635	501.5656	0.1962235	0.3124466	0.4488	0.5512	0.2952911
5712	123.6827	-377.9861	501.6688	0.5046203	0.1082269	0.637491	0.362509	0.1997611
5718	116.687	-384.3886	501.0756	0.5066804	0.3180579	0.531774	0.468226	0.2112499
5724	122.1589	-379.3899	501.5488	0.2496961	0.2564088	0.597873	0.402127	0.2391508
5730	120.3858	-381.0178	501.4036	0.2358703	0.3795249	0.286019	0.713981	0.3108821
5736	118.2217	-382.8411	501.0628	0.5713163	0.2637181	0.172131	0.827869	0.1857861
5742	115.0167	-386.0756	501.0923	0.5713163	0.1664539	0.183737	0.816263	0.1290629
5748	113.3141	-388.7241	502.0383	0.5151239	0.05414856	0.265099	0.734901	0.2543375
5754	122.9367	-378.5931	501.5298	0.1605756	0.2635211	0.144012	0.855988	0.2035537
5760	122.3935	-378.6865	501.08	0.5181768	0.3518628	0.26486	0.73514	0.2491537
5766	122.5989	-378.2497	500.8485	0.06584943	0.6993966	0.316489	0.683511	0.2014126
5772	120.9104	-380.3737	501.284	0.4983315	0.3202863	0.220127	0.779873	0.3266497
5778	117.0543	-384.459	501.5133	0.07209592	0.4031314	0.390487	0.609513	0.3045891
5784	120.1958	-381.5289	501.7248	0.02083029	0.3055192	0.672447	0.327553	0.274121
5790	99.1161	-400.6939	499.81	0.7678416	0.6702166	0.240821	0.759179	0.1168889
5796	100.579	-400.8176	501.3966	0.6694144	0.1797154	0.458255	0.541745	0.2637809
5802	112.6917	-389.375	502.0667	0.2696641	0.1150029	0.118323	0.881677	0.288707
5808	117.4054	-383.5915	500.9969	0.347972	0.2658177	0.472386	0.527614	0.1234746
5814	115.5534	-385.4045	500.958	0.3870559	0.4770814	0.509479	0.490521	0.2411626
5820	120.1671	-381.0525	501.2196	0.4958213	0.3081235	0.267614	0.732386	0.2602174
5826	128.6309	-372.7821	501.413	0.612835	0.1205157	0.422263	0.577737	0.1708953
5832	123.999	-377.4528	501.4518	0.5829054	0.1329626	0.540102	0.459898	0.1865424
5838	128.5043	-372.5342	501.0385	0.5488197	0.2783951	0.423968	0.576032	0.1827846
5844	126.7167	-374.958	501.6746	0.2622616	0.2491687	0.338634	0.661366	0.3114815
5850	134.7337	-366.8	501.5337	0.1978407	0.153504	0.0622381	0.937762	0.1333399
5856	129.7882	-372.2009	501.9891	0.1127016	0.1529874	0.245012	0.754988	0.2372712
5862	119.7255	-381.106	500.8316	0.05296567	0.9966208	0.35732	0.64268	0.4580267
5868	125.5359	-375.1854	500.7213	0.4363926	0.6359745	0.349738	0.650262	0.2711834
5874	117.2452	-384.7086	501.9538	0.04308295	0.2080101	0.268963	0.731037	0.2736834
5880	125.1299	-376.6681	501.7981	0.08900794	0.2310334	0.287608	0.712392	0.249253
5886	124.0416	-377.5693	501.6109	0.199361	0.297953	0.509869	0.490131	0.3066668
5892	129.7963	-370.9731	500.7694	0.4251706	0.5095902	0.460251	0.539749	0.2029208
5898	117.4644	-383.027	500.4915	0.588191	0.4586511	0.12724	0.87276	0.148984
5904	110.8282	-388.2002	499.0285	1.05795	1.602757	0.611985	0.388015	0.2059335
5910	113.0751	-385.8104	498.8855	1.016517	2.086763	0.360883	0.639117	0.2569458
5916	130.3467	-369.4722	499.8189	1.055463	0.425711	0.360883	0.639117	0.1046452
5922	122.9202	-378.8217	501.7419	0.7611042	0.06541127	0.16923	0.83077	0.2571266
5928	131.2311	-369.054	500.2852	0.7611042	0.5422557	0.322446	0.677554	0.1739312
5934	129.0155	-372.0435	501.059	0.1168947	0.7389102	0.128784	0.871216	0.5089902
5940	130.0499	-371.3072	501.3572	0.02290263	0.446894	0.287116	0.712884	0.2331826
5946	121.7061	-379.8148	501.5209	0.01306303	0.446894	0.29209	0.70791	0.3302373
5952	119.9464	-381.0133	500.9597	0.006621022	0.7415923	0.139577	0.860423	0.2435877
5958	119.7882	-382.6608	502.449	0.01266625	0.04309594	0.327054	0.672946	0.1949723
5964	121.6795	-380.2001	501.8796	0.01028345	0.2491949	0.390376	0.609624	0.2778579
5970	123.3261	-378.7509	502.0769	0.02806009	0.1965072	0.087335	0.912665	0.3294998
5976	119.4177	-382.341	501.7587	0.1340575	0.1837567	0.344492	0.655508	0.1963053
5982	122.3326	-379.0807	501.4133	0.08198457	0.3543901	0.14294	0.85706	0.2082264
5988	122.8231	-379.3199	502.143	0.1040205	0.06167862	0.329935	0.670065	0.1613951
5994	107.249	-394.722	501.9711	0.1602901	0.158111	0.365519	0.634481	0.2606415
6000	98.4576	-399.1442	497.6018	1.140501	5.424384	0.499062	0.500938	0.7496888
6006	99.61174	-397.3079	496.9197	1.140501	8.233228	0.441265	0.558735	0.8397055
6012	107.3676	-389.555	496.9226	1.28677	8.233228	0.140357	0.859643	0.5807947
6018	98.61269	-399.6443	498.257	1.039389	3.854177	0.0643942	0.935606	0.5807947
6024	109.1669	-389.0334	498.2003	1.047149	3.591838	0.384495	0.615505	0.2710464
6030	118.9041	-382.8715	501.7756	0.07779708	0.2569659	0.679167	0.320833	0.2680522
6036	124.0649	-377.7085	501.7734	0.01382493	0.2569659	0.652134	0.347866	0.2347127
6042	121.8342	-380.3618	502.196	0.01601276	0.163762	0.440225	0.559775	0.3324621
6048	116.1164	-385.6649	501.7813	0.03415071	0.3180836	0.447405	0.552595	0.3569977
6054	120.7252	-380.9338	501.659	0.0128167	0.3180836	0.126806	0.873194	0.2493156
6060	121.6867	-379.3181	501.0048	0.0019299	0.6539641	0.433373	0.566627	0.2126474
6066	121.7773	-380.5489	502.3262	0.005183975	0.1409041	0.530021	0.469979	0.3820965
6072	117.9028	-384.0901	501.9929	0.01077258	0.2277785	0.3979	0.6021	0.31931
6078	123.6921	-376.4061	500.0982	0.02852469	1.854113	0.381886	0.618114	0.3140901
6084	119.9419	-380.513	500.4548	0.2478672	0.9158374	0.616987	0.383013	0.2168389
6090	130.4589	-370.4962	500.9551	0.7440947	0.1590468	0.152613	0.847387	0.1309462
6096	118.2671	-382.7322	500.9993	0.7751682	0.194161	0.21437	0.78563	0.1713325
6102	119.5726	-380.5839	500.1565	0.9074033	0.1744533	0.470755	0.529245	0.06383695
6108	113.5959	-386.6861	500.282	1.026142	0.2000136	0.12428	0.87572	0.0936436
6114	123.9777	-376.6721	500.6498	1.102477	0.118896	0.373453	0.626547	0.1156575
6120	122.4238	-378.0643	500.4881	0.4334331	0.7170725	0.287415	0.712585	0.2119608
6126	122.6284	-377.5133	500.1417	0.8014479	0.6275047	0.237549	0.762451	0.180307
6132	114.2447	-386.9896	501.2343	0.6004904	0.1604276	0.271502	0.728498	0.1595338
6138	113.8867	-386.6263	500.513	0.6904671	0.4026137	0.565924	0.434076	0.1535404
6144	112.8554	-387.7775	500.6328	0.7252323	0.3313973	0.411625	0.588375	0.1555369
6150	107.9537	-392.5311	500.4848	0.1344137	1.163155	0.441274	0.558726	0.2993583
6156	108.5521	-393.4758	502.0278	0.4027173	0.07511435	0.530414	0.469586	0.2440344
6162	111.6053	-390.6867	502.292	0.311082	0.04763017	0.10761	0.89239	0.2634809
6168	118.1206	-383.895	502.0156	0.2365867	0.1240051	0.10127	0.89873	0.2591764
6174	116.9396	-384.008	500.9476	0.7573336	0.1240051	0.219288	0.780712	0.1116239
6180	125.1182	-375.3359	500.4541	0.7903008	0.3012941	0.510408	0.489592	0.121084
6186	119.9152	-380.1276	500.0428	0.7903008	0.7896856	0.435613	0.564387	0.2123979
6192	117.8308	-384.2173	502.0481	0.3706982	0.08638076	0.251511	0.748489	0.2646907
6198	122.0449	-378.6519	500.6968	0.4894113	0.6433845	0.488464	0.511536	0.2966229
6204	124.4579	-377.0725	501.5304	0.1616415	0.284327	0.134416	0.865584	0.223268
6210	122.5164	-378.5638	501.0802	0.1960156	0.4470863	0.482643	0.517357	0.1946715
6216	118.0583	-383.2711	501.3294	0.0206445	0.4070472	0.386434	0.613566	0.1946715
6222	119.3701	-381.4668	500.8369	0.7048887	0.202992	0.288617	0.711383	0.1277779
6228	122.8296	-378.1361	500.9657	0.7048887	0.2817448	0.524833	0.475167	0.2125698
6234	115.9235	-384.6173	500.5407	0.503853	0.7187984	0.073699	0.926301	0.2696171
6240	112.5437	-388.8269	501.3706	0.3640476	0.322829	0.296936	0.703064	0.2925229
6246	119.387	-381.5458	500.9327	1.062985	0.08068449	0.296936	0.703064	0.1287331
6252	104.9621	-396.3927	501.3548	0.8263361	0.1111578	0.23871	0.76129	0.2064974
6258	111.1713	-390.5876	501.7589	0.1198452	0.2453841	0.111519	0.888481	0.2653181
6264	121.0162	-380.1797	501.1959	0.7491575	0.1033251	0.406806	0.593194	0.1375545
6270	125.6051	-375.3745	500.9796	0.6120923	0.3248826	0.131644	0.868356	0.2205869
6276	131.5653	-370.2533	501.8186	0.4362168	0.0833341	0.205484	0.794516	0.1913774
6282	131.2824	-370.6332	501.9156	0.1500805	0.2286021	0.252844	0.747156	0.4007287
6288	129.972	-371.5198	501.4918	0.658143	0.1080886	0.429829	0.570171	0.1920254
6294	131.8694	-368.5901	500.4595	0.9327908	0.266034	0.248795	0.751205	0.1316781
6300	126.7142	-374.6573	501.3715	0.4428593	0.1715647	0.258851	0.741149	0.1634717
6306	119.4695	-382.0064	501.4759	0.4545631	0.2059811	0.0404957	0.959504	0.2361995
6312	126.0535	-376.0992	502.1527	0.5391804	0.04539818	0.521558	0.478442	0.3167187
6318	116.449	-385.7163	502.1653	0.07310872	0.1510578	0.373051	0.626949	0.3167187
6324	122.1125	-379.7647	501.8772	0.2574162	0.1901252	0.103149	0.896851	0.3397803
6330	116.7748	-383.6167	500.3915	0.3917584	0.9579777	0.178232	0.821768	0.2771791
6336	123.4701	-377.2806	500.7507	0.5120518	0.3829877	0.444821	0.555179	0.1582846
6342	117.6313	-383.4631	501.0944	0.3250047	0.5274641	0.421828	0.578172	0.3532056
6348	127.63	-374.3843	502.0143	0.3250047	0.06923029	0.216637	0.783363	0.1972563
6354	119.5094	-381.4066	500.916	0.4556286	0.4239317	0.369199	0.630801	0.2129671
6360	117.8112	-383.2811	501.0923	0.4341086	0.3458013	0.36658	0.63342	0.2129671
6366	114.922	-385.4636	500.3856	0.7245081	0.2831446	0.471492	0.528508	0.09655967
6372	115.1214	-386.3374	501.4588	0.4365999	0.1920699	0.146258	0.853742	0.2058537
6378	115.9436	-385.8697	501.8133	0.3528872	0.1794474	0.146258	0.853742	0.3378527
6384	118.9139	-383.6382	502.5521	0.1884216	0.0438024	0.322632	0.677368	0.3588881
6390	113.6181	-388.4277	502.0458	0.06273265	0.09020589	0.389337	0.610663	0.1601933
6396	116.1627	-384.9182	501.0809	0.4483872	0.4053945	0.127521	0.872479	0.2697747
6402	105.9172	-394.5027	500.4199	0.4463876	0.7509914	0.436188	0.563812	0.2074272
6408	110.7519	-390.2432	500.9951	0.3038121	0.4488506	0.354833	0.645167	0.2031802
6414	118.7059	-382.2526	500.9585	0.8366455	0.2257843	0.436391	0.563609	0.2051782
6420	119.9426	-380.5686	500.5111	1.178447	0.078235	0.436391	0.563609	0.08605118
6426	119.3608	-380.4232	499.784	1.351088	0.078235	0.542596	0.457404	0.04558308
6432	123.2618	-376.2156	499.4774	1.377793	0.1341434	0.217004	0.782996	0.04325241
6438	131.1747	-369.3419	500.5166	1.136902	0.1404799	0.318679	0.681321	0.1130961
6444	109.6744	-391.4947	501.1691	0.8507188	0.07035739	0.348557	0.651443	0.1246101
6450	111.9822	-387.2669	499.2491	1.035465	0.7453651	0.443836	0.556164	0.09126622
6456	118.4785	-381.7216	500.2001	0.6858701	0.6525102	0.507081	0.492919	0.1741224
6462	114.9939	-385.7689	500.7628	0.4408882	0.6817745	0.143868	0.856132	0.3633754
6468	118.6289	-382.5052	501.1341	0.6267808	0.2158441	0.260178	0.739822	0.1852639
6474	127.5832	-372.702	500.2852	0.6267808	0.8011762	0.395099	0.604901	0.2523618
6480	129.7939	-371.1694	500.9633	0.5439293	0.3278825	0.444535	0.555465	0.1931834
6486	126.9909	-373.9841	500.975	0.3593991	0.4687776	0.468384	0.531616	0.2300678
6492	122.913	-377.9928	500.9058	0.6913494	0.3149505	0.618516	0.381484	0.2141547
6498	119.5974	-380.6893	500.2867	0.8477963	0.5678563	0.235258	0.764742	0.2141547
6504	123.7981	-377.0871	500.8852	1.168139	0.08682479	0.10069	0.89931	0.1447962
6510	122.4713	-378.1642	500.6355	0.4719207	0.6514145	0.219406	0.780594	0.2551099
6516	120.5848	-380.4172	501.002	0.6535966	0.2434624	0.388658	0.611342	0.1769757
6522	116.1956	-385.2047	501.4003	0.3356689	0.3082249	0.438533	0.561467	0.2720938
6528	119.8002	-381.4453	501.2455	0.382446	0.3721595	0.108594	0.891406	0.2910025
6534	115.6897	-383.5153	499.205	0.9211636	1.726407	0.488211	0.511789	0.2591915
6540	123.5417	-376.9676	500.5093	0.9211636	0.2386205	0.232176	0.767824	0.1259403
6546	126.453	-375.3869	501.8399	0.2232692	0.1263427	0.326703	0.673297	0.1875865
6552	127.2375	-374.666	501.9036	0.1814717	0.1206767	0.233171	0.766829	0.1875865
6558	120.7359	-380.7451	501.481	0.05740485	0.4499017	0.300507	0.699493	0.3401833
6564	126.2331	-374.8341	501.0672	0.4991219	0.3936379	0.357647	0.642353	0.2784991
6570	121.5829	-378.6668	500.2497	0.4656027	1.115316	0.236227	0.763773	0.3474217
6576	123.3925	-378.3272	501.7198	0.4468995	0.162755	0.114772	0.885228	0.292094
6582	113.3601	-388.6049	501.9649	0.5311415	0.03380479	0.213043	0.786957	0.1917705
6588	125.8948	-376.1825	502.0773	0.51774	0.04520765	0.431756	0.568244	0.2527151
6594	112.7636	-387.6711	500.4347	0.5567046	0.6153776	0.138351	0.861649	0.1894189
6600	121.048	-379.0123	500.0603	0.8300736	0.7471301	0.27397	0.72603	0.2144699
6606	127.5398	-372.2847	499.8244	1.000555	0.4398637	0.448476	0.551524	0.1015849
6612	113.6329	-387.4805	501.1134	0.6554695	0.1634382	0.582739	0.417261	0.1471944
6618	111.4551	-388.9795	500.4346	0.9455667	0.2281242	0.28292	0.71708	0.1135329
6624	115.4982	-386.1378	501.636	0.1824901	0.3004387	0.615717	0.384283	0.3183563
6630	118.2666	-382.7277	500.9942	0.7599141	0.1546064	0.418122	0.581878	0.1382678
6636	113.0706	-388.6379	501.7085	0.7831954	0.02882379	0.444768	0.555232	0.1840579
6642	121.5185	-379.6356	501.1541	0.4351989	0.2793803	0.510523	0.489477	0.1840579
6648	121.0724	-379.618	500.6904	0.6593692	0.4355709	0.267569	0.732431	0.212804
6654	120.9343	-380.0913	501.0256	0.3222025	0.2254759	0.304271	0.695729	0.1078936
6660	116.3885	-384.6725	501.061	0.5125473	0.2936853	0.0959003	0.9041	0.1895776
6666	120.9837	-379.9718	500.9555	0.1412837	0.5342458	0.396849	0.603151	0.1845376
6672	123.7999	-378.0014	501.8013	0.16583	0.1661722	0.306144	0.693856	0.2021589
6678	117.4919	-384.0103	501.5022	0.16583	0.3462594	0.766283	0.233717	0.2819114
6684	114.7489	-385.6672	500.4161	0.6179816	0.3861822	0.510349	0.489651	0.1165943
6690	116.9545	-384.6749	501.6294	0.7675353	0.04583539	0.149005	0.850995	0.179697
6696	112.3204	-389.2335	501.5539	0.4956937	0.2094904	0.242251	0.757749	0.3141796
6702	112.7228	-387.2386	499.9614	0.6865334	0.9669801	0.397706	0.602294	0.2163528
6708	116.3719	-384.6571	501.029	0.5528635	0.1960904	0.784731	0.215269	0.1311755
6714	121.9094	-377.2708	499.1801	0.950969	0.8350568	0.406702	0.593298	0.0862379
6720	117.889	-382.8048	500.6938	1.011997	0.26045	0.485915	0.514085	0.2061943
6726	113.8332	-387.7115	501.5447	0.4998326	0.1809105	0.389299	0.610701	0.254305
6732	117.7682	-381.9465	499.7147	0.8590194	1.286286	0.0526644	0.947336	0.3562263
6738	131.314	-369.6169	500.9309	0.6085476	0.304895	0.319688	0.680312	0.1871885
6744	123.4064	-377.4925	500.8989	0.5065845	0.4224659	0.184726	0.815274	0.2251214
6750	118.8544	-383.6073	502.4616	0.06754286	0.07359679	0.27054	0.72946	0.2977128
6756	116.7839	-384.3628	501.1467	0.1827696	0.5543478	0.0738287	0.926171	0.3068987
6762	130.1824	-371.4577	501.6401	0.4297013	0.1370814	0.838333	0.161667	0.2025882
6768	119.7834	-381.6557	501.4391	0.08546509	0.2528223	0.378891	0.621109	0.1510533
6774	117.6705	-384.2753	501.9458	0.1114644	0.2191545	0.106107	0.893893	0.3489117
6780	128.1405	-373.684	501.8245	0.3272818	0.1836431	0.42366	0.57634	0.3366952
6786	124.6836	-376.2028	500.8864	0.8782335	0.1051437	0.456265	0.543735	0.1093844
6792	127.866	-372.5734	500.4393	0.9927364	0.1756045	0.339721	0.660279	0.09942113
6798	115.8735	-382.5292	498.4028	1.167389	0.7784022	0.339721	0.660279	0.0421623
6804	117.8203	-381.9165	499.7368	1.368882	0.2337293	0.548588	0.451412	0.0823145
6810	114.2988	-386.379	500.6778	0.7916778	0.1870995	0.135012	0.864988	0.1091292
6816	112.5115	-387.9232	500.4347	1.395961	0.09800203	0.0893354	0.910665	0.1145659
6822	119.4435	-381.6148	501.0583	0.6520745	0.2701549	0.53244	0.46756	0.2168244
6828	121.4908	-379.1916	500.6824	0.6715669	0.3107782	0.28821	0.71179	0.1448049
6834	124.1141	-377.1698	501.2839	0.7170824	0.1327543	0.242155	0.757845	0.1767243
6840	116.426	-385.3741	501.8001	0.07567896	0.2385631	0.234395	0.765605	0.2538818
6846	113.7266	-386.4061	500.1327	1.036976	0.4272326	0.407467	0.592533	0.1563456
6852	120.7919	-380.1489	500.9408	0.38034	0.3971542	0.36911	0.63089	0.1802973
6858	120.0388	-381.4429	501.4817	0.4499188	0.2222324	0.117771	0.882229	0.2596694
6864	114.6209	-386.0039	500.6248	0.4664329	0.5658085	0.150427	0.849573	0.1979155
6870	113.2234	-387.0711	500.2945	0.6166322	0.7876844	0.16611	0.83389	0.2440595
6876	113.6083	-386.3732	499.9815	1.112204	0.366229	0.480193	0.519807	0.1196187
6882	116.8984	-383.7742	500.6725	0.5599863	0.3231473	0.285973	0.714027	0.127325
6888	116.9771	-384.4031	501.3802	0.1386798	0.3119713	0.437781	0.562219	0.1858797
6894	121.8775	-380.0915	501.969	0.3688263	0.1170262	0.229637	0.770363	0.2954047
6900	116.8664	-384.2278	501.0942	0.214704	0.2969417	0.323588	0.676412	0.130207
6906	122.9827	-379.1171	502.0998	0.04090291	0.09949461	0.185107	0.814893	0.1787435
6912	125.9052	-376.26	502.1652	0.1986823	0.09949461	0.411139	0.588861	0.2660773
6918	124.7984	-376.0182	500.8167	0.3998551	0.5630283	0.278788	0.721212	0.2458641
6924	128.7905	-372.8766	501.667	0.3998551	0.1602337	0.299899	0.700101	0.2328054
6930	126.1513	-375.5444	501.6958	0.2407916	0.2585399	0.407585	0.592415	0.3331527
6936	122.1623	-378.8529	501.0152	0.7332353	0.2877614	0.109308	0.890692	0.2525128
6942	127.9251	-372.6283	500.5534	0.8191529	0.3510675	0.585005	0.414995	0.1691331
6948	123.2066	-376.868	500.0747	0.4389359	0.9500731	0.410146	0.589854	0.1691331
6954	122.4502	-378.9691	501.4192	0.2269983	0.2205359	0.436064	0.563936	0.1587714
6960	120.4909	-380.426	500.9169	0.465038	0.5317383	0.298706	0.701294	0.3214243
6966	124.3654	-377.3213	501.6868	0.4162894	0.1632665	0.141785	0.858215	0.2548601
6972	131.0699	-370.8769	501.9468	0.0745492	0.1683483	0.335995	0.664005	0.2250192
6978	126.2969	-373.9517	500.2486	0.9149071	0.2704168	0.35845	0.64155	0.09925814
6984	119.6477	-381.7769	501.4246	0.5505479	0.2081381	0.480015	0.519985	0.2613998
6990	114.3588	-385.7749	500.1336	0.8839265	0.5488315	0.138133	0.861867	0.1691052
6996	115.0089	-385.4086	500.4175	0.4679416	0.4361882	0.240234	0.759766	0.1087482
7002	112.4008	-386.9317	499.3325	1.635757	0.2545885	0.259344	0.740656	0.07468098
7008	122.6326	-375.3828	498.0154	2.009327	0.3142244	0.171579	0.828421	0.0307482
7014	118.3567	-380.4278	498.7844	1.59941	0.2614636	0.0673927	0.932607	0.0394891
7020	119.7013	-379.7727	499.4739	1.458654	0.09408038	0.400205	0.599795	0.0394891
7026	116.4814	-384.3337	500.8151	0.7471209	0.1186431	0.292774	0.707226	0.09093236
7032	117.049	-385.0788	502.1277	0.1739709	0.1024635	0.0912566	0.908743	0.2406136
7038	112.8229	-387.8922	500.7151	0.8433251	0.3136927	0.153558	0.846442	0.1995074
7044	113.1351	-388.3243	501.4594	0.2725016	0.2735637	0.379856	0.620144	0.228888
7050	120.1006	-381.6149	501.7155	0.3838234	0.1746229	0.159084	0.840916	0.2736802
7056	114.5459	-387.2765	501.8224	0.3031979	0.1629381	0.0931158	0.906884	0.2665066
7062	123.5598	-377.6912	501.251	0.6095249	0.1384997	0.218547	0.781453	0.1481403
7068	123.2278	-378.2303	501.4582	0.522459	0.2208532	0.218547	0.781453	0.286809
7074	124.5305	-375.4963	500.0268	0.8978152	0.3538663	0.0753425	0.924658	0.09343418
7080	119.0345	-381.9622	500.9967	0.7105644	0.1417338	0.65294	0.34706	0.1220483
7086	111.8118	-389.2828	501.0946	0.4297885	0.3841354	0.0852061	0.914794	0.2452359
7092	101.3134	-399.0441	500.3576	0.8238424	0.5855524	0.29172	0.70828	0.2452359
7098	105.2921	-394.5419	499.834	0.715979	1.238998	0.425958	0.574042	0.2970075
7104	116.6322	-384.2737	500.9059	0.4826724	0.2549562	0.424902	0.575098	0.1261355
7110	119.9428	-380.4313	500.3741	0.7538666	0.2460567	0.13534	0.86466	0.08799228
7116	101.7943	-399.1006	500.8949	0.7390221	0.2150206	0.525032	0.474968	0.1524491
7122	117.6299	-382.7855	500.4154	0.5718434	0.5976768	0.450985	0.549015	0.1806765
7128	115.3436	-386.459	501.8026	0.1088729	0.2549274	0.225731	0.774269	0.3031425
7134	112.1113	-389.6291	501.7404	0.3558283	0.1445488	0.0800532	0.919947	0.222307
7140	119.519	-382.4534	501.9724	0.1486065	0.1783691	0.56691	0.43309	0.2959489
7146	118.5791	-382.8986	501.4777	0.08028994	0.4114995	0.219185	0.780815	0.2959489
7152	113.0844	-388.5846	501.669	0.01584567	0.2554982	0.76865	0.23135	0.1949291
7158	114.2562	-386.806	501.0622	0.01584567	0.6707587	0.247361	0.752639	0.2534717
7164	122.9078	-378.7305	501.6384	0.01366714	0.3431484	0.0952346	0.904765	0.2681103
7170	121.5434	-379.545	501.0884	0.007665309	0.6883456	0.471278	0.528722	0.2768611
7176	129.1315	-373.216	502.3475	0.005860832	0.1026094	0.485269	0.514731	0.2675808
7182	130.4001	-370.3451	500.7452	0.0169023	0.6962286	0.318229	0.681771	0.1578845
7188	123.1473	-378.528	501.6753	0.0449084	0.2374248	0.211621	0.788379	0.1910496
7194	125.8227	-375.7328	501.5556	0.1307157	0.2501882	0.168028	0.831972	0.1910496
7200	126.6283	-374.9221	501.5505	0.2842647	0.1850906	0.402185	0.597815	0.1800821
7206	118.7622	-381.2503	500.0125	0.3289944	1.090953	0.232811	0.767189	0.1609604
7212	125.5766	-376.2228	501.7995	0.1214913	0.1517904	0.251027	0.748973	0.1736361
7218	117.7744	-382.8461	500.6205	0.2967391	0.5574028	0.4604	0.5396	0.1488478
7224	121.5505	-379.3683	500.9188	0.542927	0.4045758	0.125934	0.874066	0.2346816
7230	121.8646	-378.2065	500.0711	0.9163651	0.4045758	0.226587	0.773413	0.1149591
7236	125.4516	-374.7926	500.2442	1.160803	0.1778805	0.14959	0.85041	0.09700979
7242	121.1524	-378.5086	499.661	1.160803	0.6020058	0.192772	0.807228	0.142884
7248	124.1933	-376.2698	500.463	1.160803	0.08865854	0.192772	0.807228	0.08416391
7254	129.1536	-371.8072	500.9608	0.8493293	0.1244916	0.13171	0.86829	0.128507
7260	124.3071	-376.4414	500.7484	1.076526	0.05117787	0.168559	0.831441	0.08644806
7266	123.7625	-376.6381	500.4006	0.9750484	0.1287599	0.262915	0.737085	0.07618164
7272	122.7312	-377.914	500.6452	0.604419	0.3186181	0.253168	0.746832	0.1285315
7278	119.1431	-382.5589	501.702	0.35731	0.1574176	0.572518	0.427482	0.2255575
7284	118.1572	-382.0026	500.1598	0.7954518	0.3907767	0.679861	0.320139	0.1065801
7290	115.4392	-385.7196	501.1587	0.7954518	0.1013915	0.243613	0.756387	0.1377539
7296	118.4089	-382.1935	500.6024	0.6771307	0.3674404	0.440817	0.559183	0.1549804
7302	112.7471	-388.8245	501.5717	0.6771307	0.1416864	0.218419	0.781581	0.2984528
7308	111.0238	-390.6178	501.6416	0.4655706	0.09934818	0.268848	0.731152	0.1696149
7314	129.8377	-371.7932	501.6309	0.09137296	0.307272	0.604635	0.395365	0.2629297
7320	110.0188	-390.8941	500.9129	0.7780522	0.08241703	0.576318	0.423682	0.08822384
7326	115.2098	-385.4194	500.6293	0.5757916	0.5014173	0.237789	0.762211	0.2019156
7332	116.752	-384.4334	501.1854	0.6945352	0.1039499	0.344486	0.655514	0.1263622
7338	121.5133	-380.1067	501.6199	0.6945352	0.0521452	0.324633	0.675367	0.1662551
7344	120.1032	-380.4426	500.5458	0.7400026	0.3323196	0.385681	0.614319	0.1407769
7350	126.7077	-374.2905	500.9981	0.7400026	0.2262223	0.354504	0.645496	0.1871892
7356	117.1946	-383.9939	501.1885	0.5621662	0.2217445	0.353533	0.646467	0.1871892
7362	119.8398	-382.1434	501.9832	0.4137523	0.1124052	0.501372	0.498628	0.3290772
7368	106.1113	-395.2984	501.4097	0.372469	0.2781501	0.536136	0.463864	0.2580041
7374	105.2795	-396.3809	501.6604	0.2591212	0.1910805	0.15162	0.84838	0.2134721
7380	115.3244	-385.6318	500.9563	0.2721959	0.4332136	0.577556	0.422444	0.1734897
7386	125.3835	-375.389	500.7726	0.6376956	0.3411505	0.519794	0.480206	0.1734897
7392	121.4374	-379.7622	501.1996	0.4550288	0.308062	0.391836	0.608164	0.2308985
7398	125.8138	-375.201	501.0148	0.5355768	0.308062	0.243103	0.756897	0.1927509
7404	117.7541	-383.9961	501.7502	0.7075379	0.03995204	0.160747	0.839253	0.1889207
7410	118.2487	-381.8448	500.0935	0.8536336	0.3076735	0.442277	0.557723	0.08491378
7416	117.6308	-383.4559	501.0866	0.8536336	0.06622228	0.212459	0.787541	0.1094389
7422	119.1362	-380.7044	499.8407	0.8810624	0.542018	0.692309	0.307691	0.110766
7428	112.7291	-388.6486	501.3777	0.6189415	0.1489001	0.592614	0.407386	0.1925539
7434	110.1125	-390.1054	500.2179	0.6198841	0.7169853	0.446767	0.553233	0.1844953
7440	122.0537	-379.2346	501.2883	0.7929098	0.06398294	0.778958	0.221042	0.1298249
7446	126.5038	-375.1941	501.6978	0.3863281	0.1700465	0.381802	0.618198	0.2567235
7452	119.559	-380.8165	500.3755	0.699686	0.7149059	0.292731	0.707269	0.2855798
7458	123.9995	-376.6036	500.6031	0.8408507	0.250745	0.189419	0.810581	0.1339449
7464	113.8939	-385.0573	498.9511	1.217792	0.9272756	0.514974	0.485026	0.102371
7470	113.1541	-386.5571	499.7112	0.9320992	0.4081101	0.156632	0.843368	0.07586552
7476	102.8178	-396.7872	499.605	1.04296	1.110394	0.392522	0.607478	0.2858539
7482	114.6451	-386.7858	501.4308	0.2083859	0.3278111	0.45905	0.54095	0.2439634
7488	108.3371	-392.2165	500.5536	0.7945959	0.3793146	0.647597	0.352403	0.178052
7494	117.6162	-384.7031	502.3193	0.1773753	0.0813363	0.400946	0.599054	0.3003198
7500	111.5584	-389.9432	501.5016	0.2009498	0.2940843	0.400946	0.599054	0.2377198
7506	126.1019	-374.4999	500.6018	0.7187699	0.3005238	0.234398	0.765602	0.1338013
7512	97.16655	-402.3038	499.4704	0.8223649	1.543022	0.35187	0.64813	0.2831905
7518	130.2913	-371.192	501.4833	0.3511521	0.2686744	0.36334	0.63666	0.2744304
7524	126.5786	-375.2387	501.8173	0.4603017	0.08321037	0.259466	0.740534	0.198481
7530	122.3198	-379.7852	502.1051	0.172037	0.1159566	0.143098	0.856902	0.2556647
7536	114.9004	-386.9287	501.829	0.172037	0.2590751	0.631811	0.368189	0.4453513
7542	118.3927	-384.2863	502.6789	0.06745071	0.04715578	0.169712	0.830288	0.393187
7548	125.7039	-375.8983	501.6022	0.1113947	0.2597217	0.362805	0.637195	0.2082863
7554	123.2869	-377.2422	500.5291	0.548567	0.4932132	0.313749	0.686251	0.1618566
7560	122.586	-378.5116	501.0976	0.3860544	0.2685965	0.114259	0.885741	0.1509081
7566	110.9114	-390.2489	501.1603	0.7512926	0.2100754	0.415511	0.584489	0.2331374
7572	117.6921	-383.0794	500.7714	0.530734	0.3498964	0.0880213	0.911979	0.1519397
7578	120.9213	-380.364	501.2853	0.3851419	0.3140124	0.469515	0.530485	0.2441958
7584	119.2217	-382.5737	501.7954	0.3851419	0.164579	0.645219	0.354781	0.3069945
7590	115.2366	-386.5183	501.7549	0.08886923	0.2702111	0.763905	0.236095	0.2827173
7596	121.3218	-380.1893	501.5111	0.5155823	0.1432109	0.158295	0.841705	0.1956753
7602	119.1439	-381.5103	500.6542	0.9231976	0.1872654	0.0318513	0.968149	0.1257346
7608	117.3132	-384.1151	501.4283	0.2656441	0.3212054	0.148197	0.851803	0.2646848
7614	121.2335	-380.7303	501.9638	0.117218	0.2001423	0.320017	0.679983	0.3175488
7620	128.7736	-372.8333	501.6069	0.2377282	0.2267174	0.297475	0.702525	0.2248003
7626	126.0537	-374.8507	500.9044	0.5053357	0.5329964	0.431749	0.568251	0.3521146
7632	121.1551	-379.1895	500.3446	0.8026204	0.3331771	0.248286	0.751714	0.1170971
7638	124.2891	-375.9839	500.273	0.8026204	0.3437147	0.371074	0.628926	0.1099278
7644	125.0471	-376.0141	501.0612	0.8453851	0.1622582	0.406727	0.593273	0.1794826
7650	122.7691	-377.6299	500.399	0.6164876	0.5756742	0.574904	0.425096	0.1794826
7656	129.749	-371.0784	500.8275	0.58149	0.4105331	0.447055	0.552945	0.2176083
7662	124.3576	-377.1147	501.4723	0.6114793	0.144688	0.722805	0.277195	0.2176083
7668	121.5375	-379.3536	500.8911	0.2535359	0.635196	0.423472	0.576528	0.2630619
7674	125.4476	-376.6897	502.1373	0.1456102	0.1179448	0.213582	0.786418	0.2630619
7680	120.2741	-381.3943	501.6684	0.6538699	0.1040915	0.265187	0.734813	0.2540119
7686	119.3969	-381.5086	500.9055	0.2191313	0.5129398	0.253021	0.746979	0.1827151
7692	117.0012	-382.1019	499.1031	0.8450277	2.240662	0.189677	0.810323	0.359824
7698	123.6476	-377.7959	501.4434	0.4242567	0.1960276	0.642076	0.357924	0.2005015
7704	115.9637	-385.3024	501.2661	0.07605797	0.5410638	0.438627	0.561373	0.3007471
7710	113.1573	-388.6281	501.7855	0.1824765	0.269216	0.328699	0.671301	0.4211403
7716	119.0615	-382.7249	501.7865	0.03371286	0.2957011	0.515169	0.484831	0.3103917
7722	110.2492	-391.8976	502.1468	0.4451533	0.04059841	0.428661	0.571339	0.240112
7728	114.9858	-386.1528	501.1386	0.395973	0.2869709	0.0276839	0.972316	0.1739113
7734	120.7931	-380.6199	501.413	0.7381101	0.06334767	0.309118	0.690882	0.1422936
7740	117.4465	-382.633	500.0795	0.9655864	0.3697407	0.378674	0.621326	0.113318
7746	117.3017	-382.0048	499.3065	1.515352	0.2506251	0.378674	0.621326	0.06228233
7752	125.9587	-374.196	500.1547	0.865273	0.3833344	0.559906	0.440094	0.1136386
7758	125.5023	-374.5994	500.1017	0.865273	0.5329157	0.750492	0.249508	0.1513293
7764	119.7225	-381.7525	501.475	0.6069239	0.09919538	0.257764	0.742236	0.1631575
7770	112.4034	-388.2322	500.6356	0.5432698	0.2211355	0.208356	0.791644	0.08620189
7776	127.3748	-374.0345	501.4093	0.5140362	0.1840472	0.273625	0.726375	0.2069472
7782	114.2938	-386.5895	500.8832	0.1039857	0.6751037	0.206286	0.793714	0.2160252
7788	112.823	-388.5732	501.3963	0.1845296	0.3948865	0.105557	0.894443	0.2895956
7794	106.8066	-394.4892	501.2959	0.1374406	0.4823981	0.315778	0.684222	0.2975609
7800	108.0625	-392.8408	500.9033	0.2983977	0.6510969	0.082924	0.917076	0.3173966
7806	106.0136	-396.2103	502.2239	0.07033751	0.1012475	0.041774	0.958226	0.2349121
7812	117.7031	-382.1412	499.8443	1.080795	0.2539641	0.512034	0.487966	0.07086825
7818	112.2239	-388.1209	500.3447	0.4539292	0.5715912	0.24402	0.75598	0.1301107
7824	112.6078	-388.8548	501.4626	0.2650302	0.3080172	0.0743963	0.925604	0.2669208
7830	128.1763	-373.0438	501.22	0.3470803	0.3839223	0.151573	0.848427	0.2674803
7836	114.9411	-385.604	500.5451	0.359995	0.8963837	0.297274	0.702726	0.318804
7842	123.6583	-377.6529	501.3112	0.4223929	0.2474764	0.297162	0.702838	0.2041712
7848	110.8443	-389.4291	500.2733	0.4009266	0.9997222	0.135065	0.864935	0.2414204
7854	107.5795	-394.6853	502.2648	0.2743578	0.05392185	0.454392	0.545608	0.2466474
7860	121.8924	-378.8433	500.7357	0.9385171	0.1727461	0.0716626	0.928337	0.134657
7866	120.8688	-378.9481	499.8169	0.9003618	0.6272906	0.241971	0.758029	0.1300562
7872	114.365	-386.239	500.6041	0.7988899	0.4367247	0.214963	0.785037	0.235187
7878	99.52745	-401.9825	501.5099	0.8463522	0.02856963	0.160623	0.839377	0.1500179
7884	113.0127	-388.6208	501.6335	0.379879	0.1995459	0.259755	0.740245	0.2686169
7890	111.8735	-389.8037	501.6772	0.3932784	0.1621508	0.489431	0.510569	0.2372748
7896	126.0785	-375.722	501.8005	0.3221734	0.1470285	0.317353	0.682647	0.2372748
7902	117.1394	-383.3997	500.5391	0.5300099	0.4201133	0.131078	0.868922	0.1332207
7908	125.7955	-375.3498	501.1453	0.4752587	0.170725	0.487834	0.512166	0.1241463
7914	117.304	-381.4939	498.7979	1.049011	1.455089	0.546016	0.453984	0.1235138
7920	110.9851	-389.7309	500.716	0.5628337	0.4109587	0.068768	0.931232	0.1758996
7926	127.0073	-373.3429	500.3503	0.5628337	0.7594663	0.190064	0.809936	0.229605
7932	133.6595	-368.2219	501.8814	0.4255493	0.07394951	0.188649	0.811351	0.1940748
7938	127.8418	-374.383	502.2248	0.06281188	0.1162402	0.509159	0.490841	0.2619089
7944	120.5212	-380.835	501.3561	0.3960771	0.1575519	0.760643	0.239357	0.1398382
7950	121.0871	-379.9808	501.0679	0.3960771	0.4084934	0.452724	0.547276	0.2390628
7956	121.6016	-379.7198	501.3215	0.5189166	0.1507025	0.100776	0.899224	0.1531975
7962	119.7003	-380.9557	500.656	0.3406218	0.6729083	0.488458	0.511542	0.2184955
7968	118.7814	-382.4826	501.264	0.3132455	0.4082455	0.145693	0.854307	0.3058822
7974	125.1432	-376.3131	501.4563	0.8250257	0.07175856	0.33022	0.66978	0.1831858
7980	108.9615	-392.6163	501.5778	0.09924701	0.2653981	0.306599	0.693401	0.200619
7986	121.858	-380.0773	501.9353	0.07756319	0.2170943	0.285508	0.714492	0.3023091
7992	118.152	-381.6028	499.7548	0.8868706	0.9403276	0.860905	0.139095	0.2040756
7998	121.8574	-379.1107	500.968	0.5336502	0.3480097	0.349135	0.650865	0.2057441
8004	112.9512	-388.56	501.5112	0.5445389	0.1077334	0.211425	0.788575	0.1654881
8010	118.9783	-382.0237	501.002	0.3215244	0.3677159	0.152176	0.847824	0.1654881
8016	123.4508	-376.5534	500.0041	0.7431624	0.4431007	0.269541	0.730459	0.0929182
8022	121.436	-379.1043	500.5403	0.3277992	0.5945107	0.129679	0.870321	0.1502186
8028	113.283	-386.9945	500.2775	0.2765717	0.8386297	0.0779378	0.922062	0.1502186
8034	111.0322	-390.1019	501.1341	0.3600723	0.3475443	0.675197	0.324803	0.2028123
8040	115.4744	-385.3528	500.8272	0.4514741	0.4995475	0.0628138	0.937186	0.2285123
8046	122.1306	-379.2578	501.3884	0.3028212	0.2912226	0.299122	0.700878	0.2297818
8052	111.1026	-389.8291	500.9317	0.2444421	0.6344294	0.276941	0.723059	0.2812391
8058	117.3389	-381.714	499.0529	0.7575827	1.337368	0.144546	0.855454	0.1046671
8064	112.496	-388.8811	501.3771	0.1675411	0.4211426	0.194306	0.805694	0.2994523
8070	115.2303	-384.6562	499.8865	0.569469	0.911585	0.108447	0.891553	0.1465377
8076	115.3422	-385.8971	501.2394	0.6894166	0.1399676	0.232659	0.767341	0.164881
8082	114.3953	-386.8676	501.2629	0.6265218	0.1510219	0.691184	0.308816	0.164881
8088	108.7585	-392.9523	501.7108	0.3883736	0.08538451	0.104304	0.895696	0.1531577
8094	110.1725	-390.1978	500.3703	1.114221	0.1895561	0.226831	0.773169	0.1123511
8100	121.9995	-378.4022	500.4017	0.648028	0.4638979	0.168798	0.831202	0.1446657
8106	131.9281	-369.2592	501.1873	0.4084539	0.241129	0.364317	0.635683	0.1601874
8112	132.6647	-368.5439	501.2086	0.4320782	0.2056754	0.463966	0.536034	0.1480827
8118	131.8636	-368.9836	500.8473	0.6277844	0.3920179	0.594192	0.405808	0.2299447
8124	127.792	-372.7552	500.5472	0.6014089	0.6024353	0.648296	0.351704	0.2413952
8130	123.4206	-376.5043	499.9249	0.6472035	1.206013	0.184203	0.815797	0.2925432
8136	126.1059	-375.8782	501.984	0.3631086	0.08895459	0.246818	0.753182	0.2347568
8142	112.7818	-389.3327	502.1145	0.3631086	0.0833767	0.222831	0.777169	0.2932322
8148	109.4497	-392.3034	501.753	0.6161341	0.0977229	0.244019	0.755981	0.2647752
8154	116.3059	-383.479	499.7849	0.8194309	0.9981547	0.0695767	0.930423	0.2118676
8160	122.401	-377.6159	500.017	0.4219552	1.344702	0.647349	0.352651	0.2806329
8166	126.1514	-375.0694	501.2208	0.2459435	0.3536771	0.516048	0.483952	0.1979528
8172	128.2776	-373.3301	501.6077	0.4392977	0.1691463	0.610176	0.389824	0.2371608
8178	123.8005	-377.7082	501.5087	0.4261888	0.2046669	0.318417	0.681583	0.2364385
8184	124.5039	-376.6289	501.1328	0.3412694	0.2763864	0.29106	0.70894	0.1530315
8190	120.5955	-379.8319	500.4274	0.4538746	0.7646853	0.426771	0.573229	0.2192395
8196	113.3181	-388.6743	501.9924	0.2724639	0.1503969	0.426771	0.573229	0.3397639
8202	114.7651	-385.5736	500.3387	0.1087929	0.8069119	0.122291	0.877709	0.1233691
8208	124.4854	-375.9178	500.4032	0.6095778	0.684084	0.488712	0.511288	0.2311814
8214	100.6386	-401.4557	502.0943	0.3080382	0.1142876	0.160014	0.839986	0.3423071
8220	119.2901	-381.4199	500.7099	0.3674531	0.6983006	0.15246	0.84754	0.2733915
8226	116.7837	-382.6294	499.413	0.9878787	1.107062	0.59876	0.40124	0.1801933
8232	91.32473	-410.2398	501.5645	0.5073362	0.2264633	0.446769	0.553231	0.4013651
8238	108.8448	-393.6517	502.4964	0.04535777	0.08576584	0.208973	0.791027	0.3644034
8244	116.7384	-385.7359	502.4744	0.06743168	0.08576584	0.333787	0.666213	0.3644034
8250	111.7147	-390.3916	502.1064	0.2906323	0.08866693	0.411151	0.588849	0.2583634
8256	109.2917	-392.2132	501.5049	0.3551447	0.2580182	0.101145	0.898855	0.2735906
8262	112.8166	-388.2152	501.0318	0.4602414	0.4257562	0.245783	0.754217	0.270349
8268	114.2497	-386.1294	500.3791	0.559895	0.7461267	0.209241	0.790759	0.2336584
8274	114.6432	-385.4695	500.1127	0.840285	0.7128198	0.267659	0.732341	0.2219456
8280	117.6703	-381.9558	499.6261	1.236451	0.2911226	0.22257	0.77743	0.07335517
8286	120.1895	-379.3822	499.5717	1.181539	0.2232882	0.207766	0.792234	0.0530211
8292	121.9412	-377.559	499.5002	1.34475	0.1262569	0.277604	0.722396	0.04140533
8298	121.9748	-376.9674	498.9422	1.378059	0.5029136	0.591169	0.408831	0.06332685
8304	118.9784	-381.3221	500.3005	0.5913564	0.3288303	0.464177	0.535823	0.08411877
8310	111.7645	-388.5188	500.2833	0.3719407	0.9825428	0.0825109	0.917489	0.2255282
8316	117.8654	-382.3332	500.1986	0.4020961	0.9491616	0.267909	0.732091	0.1936002
8322	111.8018	-389.3891	501.1909	0.5920661	0.3089112	0.344031	0.655969	0.3051517
8328	95.28913	-405.7315	501.0206	0.513693	0.4309514	0.392912	0.607088	0.3054191
8334	123.8411	-376.9462	500.7873	0.6501124	0.1607126	0.540234	0.459766	0.09416416
8340	127.7578	-373.1695	500.9273	0.6214359	0.1379078	0.550516	0.449484	0.09787001
8346	118.195	-381.2989	499.4938	0.4357177	2.153705	0.355397	0.644603	0.2972301
8352	121.5432	-379.1133	500.6565	0.6007625	0.5465632	0.0779191	0.922081	0.2535761
8358	123.5402	-376.9306	500.4708	0.8781762	0.399582	0.278219	0.721781	0.1898442
8364	123.1457	-378.5275	501.6732	0.660149	0.08993691	0.10838	0.89162	0.2306484
8370	125.5462	-375.8949	501.4411	0.1286091	0.3039808	0.0287104	0.97129	0.1959297
8376	117.2806	-384.7952	502.0758	0.2379648	0.1233792	0.0277009	0.972299	0.2959517
8382	119.8898	-382.0547	501.9445	0.5196522	0.04923888	0.644298	0.355702	0.2060941
8388	118.2325	-382.166	500.3984	0.7130687	0.5683664	0.0867536	0.913246	0.2060941
8394	115.4687	-385.9937	501.4624	0.3785178	0.3189845	0.527655	0.472345	0.3995505
8400	110.2073	-391.5763	501.7836	0.2341939	0.1846108	0.217288	0.782712	0.2467043
8406	118.7143	-382.9406	501.6549	0.558465	0.1054461	0.251235	0.748765	0.2096391
8412	120.3083	-381.5063	501.8145	0.0678317	0.1968339	0.517659	0.482341	0.2063698
8418	108.9737	-391.5232	500.4969	0.0899436	1.32454	0.639422	0.360578	0.4425954
8424	123.7921	-378.5548	502.3469	0.1043989	0.09579553	0.152427	0.847573	0.3154736
8430	116.4397	-385.0487	501.4884	0.03295044	0.331356	0.550823	0.449177	0.2002466
8436	113.2105	-388.1491	501.3596	0.09951758	0.532498	0.0991269	0.900873	0.4461149
8442	115.3733	-385.9182	501.2915	0.4987068	0.1937952	0.442147	0.557853	0.1752026
8448	116.803	-385.0922	501.8952	0.4117617	0.1369562	0.144848	0.855152	0.3334858
8454	123.316	-378.4464	501.7624	0.2649652	0.2461466	0.119192	0.880808	0.4218371
8460	107.1748	-394.396	501.5708	0.2349167	0.2130831	0.0988459	0.901154	0.1966632
8466	110.7654	-391.0399	501.8053	0.04909412	0.1965795	0.309092	0.690908	0.1966632
8472	123.9956	-378.1848	502.1803	0.05962061	0.1218235	0.462624	0.537376	0.2485132
8478	121.8996	-379.7063	501.6059	0.04269418	0.3922895	0.290996	0.709004	0.343346
8484	113.1107	-389.1794	502.29	0.002518922	0.1228514	0.113927	0.886073	0.2801758
8490	107.1481	-394.7386	501.8868	0.009556346	0.1228514	0.448834	0.551166	0.1433988
8496	114.6949	-386.7876	501.4824	0.424473	0.2774295	0.195046	0.804954	0.3523817
8502	110.7268	-390.3424	501.0693	0.5892337	0.2154898	0.600995	0.399005	0.1582881
8508	103.2181	-398.0908	501.3089	0.1675591	0.4819089	0.119879	0.880121	0.3336244
8514	113.0344	-386.2289	499.2633	1.30576	0.579011	0.482832	0.517168	0.09808855
8520	101.6477	-397.4987	499.1464	0.959481	0.6021655	0.24313	0.75687	0.05906579
8526	107.5913	-391.0982	498.6895	1.531397	0.3254157	0.245477	0.754523	0.03899816
8532	115.0454	-383.8674	498.9129	1.842171	0.0531009	0.44489	0.55511	0.02656244
8538	117.7969	-380.5833	498.3802	1.842171	0.09757995	0.247473	0.752527	0.01891179
8544	115.2443	-384.0611	499.3053	1.639185	0.1069454	0.247473	0.752527	0.04245158
8550	123.4194	-376.9646	500.384	0.6534003	0.5214451	0.0765375	0.923462	0.1632855
8556	123.4144	-377.9749	501.3893	0.1378499	0.4005653	0.272578	0.727422	0.2632803
8562	130.7145	-370.7269	501.4414	0.438237	0.1922532	0.219883	0.780117	0.2006626
8568	126.3322	-373.5448	499.877	0.6476623	0.5636301	0.28062	0.71938	0.09025496
8574	113.7642	-386.96	500.7242	0.8476304	0.30899	0.429029	0.570971	0.2003996
8580	123.5681	-378.0353	501.6034	0.247039	0.2527128	0.580232	0.419768	0.260256
8586	120.1532	-381.36	501.5132	0.7480207	0.0631565	0.134156	0.865844	0.1666179
8592	116.2956	-385.0003	501.2959	0.7480207	0.1620839	0.255769	0.744231	0.2257256
8598	108.5251	-391.8607	500.3859	0.6845719	0.4924281	0.082446	0.917554	0.1598365
8604	118.3836	-381.8281	500.2117	0.7033398	0.6061897	0.401203	0.598797	0.1649031
8610	118.1539	-382.8021	500.956	0.2652953	0.6061897	0.21466	0.78534	0.2845062
8616	121.2541	-380.6471	501.9012	0.1180911	0.2447918	0.246415	0.753585	0.3957018
8622	126.4861	-375.5305	502.0165	0.1656024	0.1631826	0.0967294	0.903271	0.3045776
8628	107.9391	-392.3643	500.3034	0.2588489	1.340706	0.529479	0.470521	0.4095497
8634	125.3654	-376.0348	501.4001	0.3177171	0.2957359	0.354724	0.645276	0.2467161
8640	119.6393	-381.7369	501.3762	0.6549424	0.1480713	0.421782	0.578218	0.2028742
8646	116.0829	-382.9451	499.028	1.000014	1.253016	0.215952	0.784048	0.1269151
8652	116.4439	-384.5162	500.9602	0.303694	0.623411	0.0818861	0.918114	0.3399894
8658	130.2878	-371.0003	501.288	0.2835496	0.4313916	0.344913	0.655087	0.3399894
8664	116.3585	-384.9511	501.3096	0.7163298	0.1790075	0.494712	0.505288	0.2421651
8670	123.5907	-377.2094	500.8001	0.7163298	0.2074292	0.204884	0.795116	0.1256982
8676	120.5325	-380.8627	501.3953	0.4992198	0.1763661	0.609349	0.390651	0.1894944
8682	120.1224	-380.7697	500.8921	0.7072424	0.239574	0.231471	0.768529	0.1600537
8688	112.2158	-389.6272	501.843	0.09962694	0.2351481	0.314901	0.685099	0.2878323
8694	119.2774	-382.2052	501.4826	0.2174009	0.3355059	0.290287	0.709713	0.2878323
8700	122.1276	-380.1881	502.3156	0.1065285	0.09410184	0.274365	0.725635	0.2878323
8706	121.4561	-380.2831	501.7392	0.05585877	0.2286057	0.393202	0.606798	0.2079045
8712	122.6413	-379.1821	501.8234	0.02609079	0.2004703	0.465607	0.534393	0.1989027
8718	116.9626	-385.212	502.1747	0.004499143	0.135508	0.311315	0.688685	0.2441772
8724	105.7307	-395.5611	501.2917	0.07473621	0.3826482	0.272272	0.727728	0.1851648
8730	111.5508	-390.429	501.9798	0.04373708	0.1759258	0.631505	0.368495	0.2365198
8736	120.0522	-381.5625	501.6148	0.01437552	0.3012212	0.338628	0.661372	0.2143512
8742	116.6932	-382.1383	498.8315	1.576564	0.1865793	0.217085	0.782915	0.032325
8748	116.3938	-383.3786	499.7724	1.12133	0.2013244	0.341818	0.658182	0.05782404
8754	113.2565	-386.9503	500.2068	0.807799	0.4526953	0.304775	0.695225	0.1340866
8760	119.6193	-379.8129	499.4322	1.174666	0.4732993	0.543596	0.456404	0.08357064
8766	113.7603	-386.5886	500.3489	1.174666	0.1108675	0.0895696	0.91043	0.08357064
8772	124.7453	-377.1042	501.8495	0.05475045	0.2717889	0.540553	0.459447	0.3342758
8778	121.2477	-380.2815	501.5292	0.5863648	0.1385519	0.795625	0.204375	0.2213641
8784	118.1305	-383.9783	502.1087	0.2741059	0.05548902	0.342991	0.657009	0.1897325
8790	122.6555	-378.0733	500.7287	0.6847012	0.3921933	0.655985	0.344015	0.2062817
8796	109.1529	-391.0872	500.2401	0.9487022	0.3921933	0.564058	0.435942	0.1460956
8802	111.505	-388.536	500.041	0.3764622	1.012785	0.353353	0.646647	0.1611168
8808	101.4896	-399.3056	500.7952	0.2124696	0.6890535	0.612694	0.387306	0.2317903
8814	112.6555	-388.2527	500.9082	0.4057145	0.5565491	0.21513	0.78487	0.2976062
8820	105.4575	-394.7156	500.1731	0.5884624	0.7084912	0.405982	0.594018	0.1615017
8826	106.9529	-395.1568	502.1097	0.3624916	0.05341575	0.658204	0.341796	0.2167147
8832	117.0986	-382.6435	499.7421	0.8986929	0.509724	0.665468	0.334532	0.09377782
8838	118.9582	-381.2789	500.2371	1.054606	0.1272477	0.535355	0.464645	0.0686012
8844	119.7133	-381.963	501.6763	0.2132534	0.2648346	0.151406	0.848594	0.3057891
8850	117.0958	-382.8669	499.9627	0.9321958	0.26681	0.502332	0.497668	0.07107357
8856	115.2445	-383.5199	498.7644	1.241017	0.5564446	0.435615	0.564385	0.04889696
8862	115.4093	-384.4639	499.8732	1.0331	0.475334	0.271665	0.728335	0.1222262
8868	118.1968	-381.9341	500.1309	0.8947377	0.4222173	0.189849	0.810151	0.1263001
8874	112.7549	-386.7104	499.4653	1.074437	0.6692736	0.480001	0.519999	0.1110762
8880	118.2729	-383.1837	501.4566	0.7847661	0.07462089	0.422646	0.577354	0.1757905
8886	118.3011	-382.995	501.2962	0.7847661	0.06153428	0.388687	0.611313	0.1276944
8892	115.3171	-385.7456	501.0627	0.5915077	0.2872048	0.429808	0.570192	0.2113793
8898	119.366	-381.9236	501.2896	0.3666192	0.3291548	0.098326	0.901674	0.2538569
8904	107.2928	-392.7388	500.0315	0.8530536	0.48009	0.568829	0.431171	0.1200509
8910	121.1563	-379.7795	500.9358	0.3011043	0.6087525	0.208749	0.791251	0.2979984
8916	120.4914	-380.5924	501.0838	0.3933263	0.4733459	0.66933	0.33067	0.3205096
8922	128.6325	-372.3709	501.0035	0.1478586	0.4733459	0.637688	0.362312	0.1718816
8928	126.7557	-375.809	502.5646	0.03977765	0.0333348	0.331523	0.668477	0.2303701
8934	126.5965	-375.6725	502.269	0.1497776	0.07121352	0.510914	0.489086	0.2303701
8940	125.2205	-376.497	501.7175	0.7115612	0.07121352	0.284627	0.715373	0.2348746
8946	127.502	-373.9895	501.4916	0.590283	0.0739261	0.233385	0.766615	0.1387032
8952	126.7087	-374.6454	501.3541	0.6996807	0.1069659	0.258132	0.741868	0.1642353
8958	121.3063	-380.088	501.3943	0.5729542	0.1288882	0.19183	0.80817	0.1642353
8964	112.3267	-388.403	500.7296	0.6969146	0.3421653	0.233997	0.766003	0.1784984
8970	106.3895	-393.9662	500.3557	0.5594971	0.7832804	0.101357	0.898643	0.2435142
8976	110.6688	-389.7385	500.4072	0.6986761	0.6512042	0.454677	0.545323	0.2541932
8982	111.6452	-389.1027	500.7479	0.6379362	0.1924325	0.580353	0.419647	0.1002386
8988	105.3692	-394.8971	500.2664	0.6379362	0.3801219	0.265604	0.734396	0.09736001
8994	120.6903	-380.056	500.7463	1.097038	0.08642691	0.174566	0.825434	0.1090871
9000	110.9506	-389.4317	500.3822	0.6423475	0.524881	0.450292	0.549708	0.1615339
9006	114.1452	-387.157	501.3022	0.5982818	0.1439874	0.377539	0.622461	0.1615339
9012	120.0538	-381.3969	501.4507	0.4849031	0.1736586	0.261686	0.738314	0.1997996
9018	119.817	-382.1241	501.9411	0.3802636	0.09879419	0.342074	0.657926	0.2425729
9024	118.6405	-382.5963	501.2368	0.5750888	0.254096	0.632123	0.367877	0.2425729
9030	119.4355	-381.527	500.9626	0.53345	0.4047323	0.0740962	0.925904	0.2510116
9036	115.9798	-385.1133	501.0931	0.6589408	0.3370775	0.374914	0.625086	0.3329828
9042	116.6785	-385.1689	501.8474	0.4556592	0.02774848	0.302819	0.697181	0.1385875
9048	124.033	-377.6085	501.6415	0.3351634	0.1840117	0.292547	0.707453	0.2273485
9054	116.2878	-385.3114	501.5992	0.3380352	0.1968171	0.195458	0.804542	0.2273485
9060	113.1101	-388.7272	501.8373	0.3146659	0.1726467	0.0609057	0.939094	0.3053999
9066	124.0848	-377.7657	501.8504	0.3471738	0.1589001	0.19945	0.80055	0.3053999
9072	117.5464	-384.2533	501.7996	0.2473552	0.2039037	0.0779245	0.922076	0.2991635
9078	124.8378	-376.2602	501.098	0.3662013	0.4057089	0.441309	0.558691	0.2367569
9084	122.4413	-379.8898	502.3311	0.03423268	0.1390943	0.19677	0.80323	0.5556116
9090	122.5926	-379.5204	502.113	0.05542035	0.1980214	0.0912143	0.908786	0.4393494
9096	124.8865	-376.6251	501.5117	0.4840791	0.2003082	0.339924	0.660076	0.2600258
9102	122.953	-378.2462	501.1992	0.5254125	0.3246429	0.292248	0.707752	0.2883867
9108	125.3494	-376.7043	502.0537	0.460084	0.05014447	0.394671	0.605329	0.2267457
9114	122.4284	-379.1822	501.6106	0.5623391	0.1267377	0.0825514	0.917449	0.2267457
9120	110.332	-388.6499	498.9818	0.9497591	0.9333376	0.637542	0.362458	0.07728435
9126	115.7603	-385.586	501.3463	0.7981141	0.0463997	0.251562	0.748438	0.1256481
9132	115.4592	-386.5304	501.9895	0.548145	0.04258884	0.255803	0.744197	0.2210962
9138	121.6941	-378.4382	500.1324	0.9240163	0.3845563	0.255803	0.744197	0.1195488
9144	114.588	-385.4165	500.0045	1.213201	0.2794705	0.602649	0.397351	0.1093308
9150	115.0883	-385.3826	500.4708	0.9082545	0.2349036	0.216486	0.783514	0.1161414
9156	109.3315	-390.953	500.2845	0.8141514	0.3554261	0.135593	0.864407	0.1169321
9162	122.7824	-378.8685	501.6509	0.1968873	0.1951858	0.0653033	0.934697	0.1932211
9168	114.1626	-386.7738	500.9363	0.4626899	0.2759017	0.721171	0.278829	0.1374401
9174	116.0456	-382.1412	498.1868	1.252943	1.22381	0.427112	0.572888	0.06015157
9180	104.6114	-395.2524	499.8638	0.8047806	0.7225988	0.379444	0.620556	0.1449731
9186	112.5394	-384.3215	496.8609	1.622698	5.882573	0.895388	0.104612	0.2298997
9192	123.5879	-373.6985	497.2864	1.697586	3.366512	0.384483	0.615517	0.1502334
9198	120.5941	-375.3756	495.9697	1.987089	7.028236	0.260134	0.739866	0.1502334
9204	123.1387	-372.9417	496.0804	1.987089	7.063728	0.0585018	0.941498	0.1791456
9210	107.0596	-389.6374	496.697	1.325768	8.245033	0.465565	0.534435	0.2484854
9216	105.3384	-392.9136	498.252	0.9177344	3.919049	0.219906	0.780094	0.2960778
9222	108.0552	-389.073	497.1282	1.672282	4.667514	0.368788	0.631212	0.2255745
9228	106.5211	-391.7037	498.2247	1.672282	0.9821144	0.286619	0.713381	0.07874674
9234	104.8499	-394.9635	499.8134	0.8948966	0.7685758	0.264719	0.735281	0.166869
9240	108.1432	-392.898	501.0411	0.4982193	0.2696288	0.444892	0.555108	0.1642982
9246	104.7292	-396.6425	501.3718	0.2999766	0.2066328	0.261762	0.738238	0.1554551
9252	110.1841	-391.4377	501.6219	0.5205095	0.04914368	0.366953	0.633047	0.127633
9258	114.362	-384.6957	499.0577	1.180503	1.045375	0.0872456	0.912754	0.1308867
9264	122.1874	-379.1173	501.3047	0.6590023	0.2076047	0.569724	0.430276	0.2544631
9270	122.3172	-378.4673	500.7845	0.1823835	0.6811013	0.120336	0.879664	0.2114325
9276	119.7932	-381.6184	501.4116	0.4749675	0.2001411	0.406456	0.593544	0.2114325
9282	113.6828	-387.5016	501.1844	0.3703337	0.2451218	0.507054	0.492946	0.1532445
9288	111.9349	-390.3958	502.3307	0.3564396	0.01717068	0.507054	0.492946	0.2479803
9294	117.6465	-382.768	500.4145	0.8541839	0.3228026	0.357884	0.642116	0.133574
9300	121.8719	-379.5042	501.3761	0.4568993	0.2359719	0.242123	0.757877	0.2305492
9306	106.1195	-395.0088	501.1284	0.6745174	0.2215244	0.248179	0.751821	0.2037295
9312	122.0762	-378.8852	500.9614	0.2812512	0.402574	0.259188	0.740812	0.1625796
9318	124.8697	-376.645	501.5148	0.08573181	0.402574	0.367267	0.632733	0.3161018
9324	121.4358	-380.5939	502.0297	0.2085841	0.09563275	0.243574	0.756426	0.2037877
9330	115.2891	-386.4927	501.7817	0.3183551	0.1337628	0.175586	0.824414	0.2088735
9336	122.0179	-379.6013	501.6192	0.171423	0.2583162	0.479307	0.520693	0.2377702
9342	120.8687	-380.1352	501.0039	0.5967536	0.3393945	0.662907	0.337093	0.2377702
9348	106.5101	-392.2041	498.7142	0.9458931	2.640427	0.273573	0.726427	0.2824233
9354	108.6439	-391.0239	499.6678	0.9458931	0.7818473	0.423468	0.576532	0.1487707
9360	125.1013	-376.1098	501.211	0.6156541	0.2354581	0.221356	0.778644	0.2272869
9366	129.2639	-372.5543	501.8182	0.2758819	0.1473416	0.105513	0.894487	0.2254537
9372	129.456	-372.8594	502.3154	0.05636797	0.1217761	0.132937	0.867063	0.3412654
9378	121.01	-380.3282	501.3382	0.05563756	0.499503	0.360303	0.639697	0.2898505
9384	123.1267	-378.0397	501.1664	0.2274709	0.499503	0.436097	0.563903	0.2898505
9390	119.963	-380.6906	500.6536	0.8705678	0.1153323	0.29971	0.70029	0.08545911
9396	116.5652	-383.8694	500.4345	0.9156575	0.2259156	0.0822959	0.917704	0.1083864
