Iteration	Posterior	Likelihood	Prior	rate_log_sd	rate_neo	root_freqs[1]	root_freqs[2]	tree_length
0	110.8908	-390.5052	501.396	0.1570856	0.269339	0.777155	0.222845	0.167545
6	108.3021	-393.1213	501.4234	0.1019013	0.4459099	0.154916	0.845084	0.3205117
12	122.7124	-379.0242	501.7366	0.1048435	0.2917096	0.0506747	0.949325	0.3205117
18	126.6185	-374.2049	500.8234	0.2753605	0.7321704	0.181703	0.818297	0.3205117
24	131.3248	-370.8735	502.1983	0.1725013	0.09138012	0.289988	0.710012	0.2509907
30	109.5228	-390.5527	500.0755	0.6196545	0.7209979	0.176198	0.823802	0.1501129
36	120.4244	-380.4931	500.9175	0.6493388	0.2938194	0.509688	0.490312	0.1876543
42	125.8716	-375.7313	501.6029	0.2529362	0.2924954	0.401794	0.598206	0.336025
48	125.3154	-376.3156	501.631	0.1288371	0.3411409	0.220409	0.779591	0.3508474
54	127.1341	-372.5741	499.7081	0.6797026	1.024299	0.521345	0.478655	0.1568581
60	126.1417	-374.7547	500.8964	0.4681835	0.5240511	0.231164	0.768836	0.2974343
66	127.0888	-373.8542	500.943	0.3740408	0.4960596	0.193754	0.806246	0.2430389
72	126.0352	-375.0315	501.0667	0.3831083	0.4960596	0.200979	0.799021	0.330796
78	130.5188	-368.749	499.2678	1.133705	1.069581	0.0633334	0.936667	0.1708404
84	122.9822	-377.5369	500.5191	0.8020048	0.3753423	0.10531	0.89469	0.1687527
90	120.5207	-380.6844	501.2051	0.8020048	0.08030705	0.0248318	0.975168	0.1304152
96	120.8888	-380.8158	501.7046	0.6214288	0.09106926	0.474668	0.525332	0.2296725
102	109.1758	-389.4827	498.6585	1.752006	0.2490894	0.26757	0.73243	0.03926411
108	117.2531	-380.9674	498.2205	1.755092	0.1792234	0.154718	0.845282	0.01999663
114	122.3189	-378.0416	500.3605	0.8990193	0.2511088	0.396122	0.603878	0.1052755
120	125.0342	-375.9904	501.0246	0.7940305	0.1308213	0.606251	0.393749	0.1343145
126	124.5035	-376.4421	500.9456	0.5019026	0.3430081	0.235381	0.764619	0.1849997
132	126.4342	-373.7612	500.1953	0.9115509	0.460562	0.330855	0.669145	0.1556788
138	127.7549	-372.4558	500.2107	0.9115509	0.3787093	0.294351	0.705649	0.1284801
144	127.105	-373.4314	500.5364	0.9115509	0.2000836	0.576283	0.423717	0.1116838
150	106.9956	-394.553	501.5486	0.1770723	0.3460629	0.494363	0.505637	0.3261146
156	117.4765	-383.9196	501.3962	0.6157761	0.1932392	0.174845	0.825155	0.2572805
162	117.8237	-382.067	499.8907	1.426296	0.09585706	0.384344	0.615656	0.06101657
168	114.309	-384.2242	498.5332	1.426296	0.805618	0.256362	0.743638	0.06763983
174	116.9389	-382.4783	499.4172	0.9111731	0.6485567	0.441117	0.558883	0.08257342
180	124.8341	-375.9261	500.7602	0.9111731	0.134961	0.378107	0.621893	0.112759
186	120.3737	-380.4041	500.7779	0.9111731	0.1135883	0.219733	0.780267	0.1038197
192	123.816	-376.4887	500.3047	0.9111731	0.235944	0.43108	0.56892	0.09479365
198	119.2537	-379.2814	498.535	1.336545	0.5498609	0.384681	0.615319	0.04173695
204	125.691	-374.5767	500.2677	0.8386605	0.4268223	0.220361	0.779639	0.142692
210	121.4437	-379.154	500.5977	0.4633881	0.6956427	0.362548	0.637452	0.2620243
216	128.0642	-372.7562	500.8204	1.014471	0.09621666	0.288307	0.711693	0.1140568
222	127.0828	-373.9437	501.0265	1.014471	0.04920731	0.264727	0.735273	0.1117523
228	129.1333	-371.2907	500.424	1.04153	0.09230814	0.349546	0.650454	0.07113032
234	120.7102	-380.4182	501.1284	0.6409449	0.2213471	0.346732	0.653268	0.1925704
240	123.9661	-377.2019	501.168	0.3862719	0.3196088	0.241563	0.758437	0.2025666
246	124.2994	-378.0025	502.3019	0.1458225	0.066313	0.129949	0.870051	0.2327244
252	126.27	-375.2028	501.4728	0.1826437	0.3222817	0.725076	0.274924	0.2458892
258	129.9907	-371.1958	501.1866	0.3349146	0.3862857	0.322489	0.677511	0.2458892
264	121.3044	-380.0069	501.3113	0.7167339	0.1633669	0.126237	0.873763	0.2210662
270	121.7003	-378.6019	500.3022	0.814913	0.5915809	0.574314	0.425686	0.2210662
276	122.9641	-378.0705	501.0346	0.3065912	0.5915809	0.299337	0.700663	0.3803007
282	106.6947	-394.8792	501.5738	0.2730406	0.2951377	0.468402	0.531598	0.3332699
288	103.1258	-398.9085	502.0344	0.08873467	0.2051264	0.503225	0.496775	0.3835895
294	114.4991	-387.1975	501.6966	0.3984364	0.1449802	0.334728	0.665272	0.2224329
300	118.9176	-382.4319	501.3495	0.6361259	0.1955765	0.229798	0.770202	0.2474791
306	121.9673	-379.3152	501.2825	0.4940919	0.2505817	0.467028	0.532972	0.2232426
312	122.8058	-378.6072	501.413	0.318284	0.3188411	0.517672	0.482328	0.284198
318	113.356	-388.0696	501.4255	0.4454199	0.3146676	0.535272	0.464728	0.4619505
324	111.4727	-388.7187	500.1914	0.472645	0.9413916	0.221139	0.778861	0.2124755
330	119.1792	-381.4518	500.631	0.3942082	0.6080809	0.304807	0.695193	0.196758
336	113.7298	-387.2336	500.9634	0.2103391	0.5110208	0.0445036	0.955496	0.196758
342	119.892	-381.3648	501.2569	0.5893521	0.1335138	0.255821	0.744179	0.1414804
348	120.0838	-381.8948	501.9786	0.2761688	0.1120007	0.328901	0.671099	0.2371134
354	122.8439	-378.211	501.0549	0.1676039	0.3683273	0.279647	0.720353	0.1432673
360	117.9396	-383.7769	501.7165	0.02392047	0.3535671	0.162097	0.837903	0.3593253
366	106.4212	-395.5263	501.9474	0.1413245	0.1717773	0.203259	0.796741	0.262252
372	106.185	-394.7002	500.8852	0.1380822	0.7643527	0.111996	0.888004	0.2923894
378	109.6659	-391.9894	501.6553	0.5251142	0.1520647	0.623326	0.376674	0.2770294
384	118.1102	-383.4623	501.5726	0.241497	0.2895269	0.360981	0.639019	0.2945236
390	111.2065	-386.9888	498.1952	1.339846	2.064105	0.29683	0.70317	0.1387455
396	100.9517	-397.5744	498.5262	1.175452	1.864971	0.36637	0.63363	0.1484111
402	106.7542	-391.6382	498.3923	1.281798	1.00718	0.448207	0.551793	0.06255932
408	110.4829	-387.4349	497.9178	1.867626	0.4015464	0.36611	0.63389	0.0289228
414	111.2112	-385.5334	496.7446	1.662177	1.314517	0.0282599	0.97174	0.02137178
420	105.1686	-392.387	497.5556	1.775587	0.6613103	0.392613	0.607387	0.02778051
426	101.6922	-396.7803	498.4725	1.534369	0.522125	0.158801	0.841199	0.04614593
432	115.982	-383.38	499.362	1.534369	0.138111	0.220259	0.779741	0.04598192
438	120.6531	-381.3459	501.9991	0.1687921	0.1145747	0.367843	0.632157	0.206672
444	122.9335	-379.6553	502.5888	0.05166697	0.07412555	0.33725	0.66275	0.508979
450	118.4007	-382.5573	500.958	0.95913	0.08047864	0.579487	0.420513	0.1158765
456	119.2048	-381.598	500.8028	0.8624169	0.142411	0.241531	0.758469	0.1158765
462	119.492	-381.1272	500.6192	0.7925171	0.3648908	0.383546	0.616454	0.1879597
468	114.5232	-386.3032	500.8264	0.3137598	0.2041511	0.422604	0.577396	0.0776164
474	109.2092	-392.4377	501.6469	0.1294358	0.3598328	0.32439	0.67561	0.493469
480	128.2128	-373.2777	501.4906	0.07882505	0.3634421	0.321676	0.678324	0.246823
486	125.8344	-375.4263	501.2607	0.1848762	0.3634421	0.524985	0.475015	0.1976442
492	125.8023	-376.2415	502.0438	0.03252334	0.2091526	0.203365	0.796635	0.338335
498	122.9212	-379.4689	502.3901	0.008021233	0.08263042	0.669473	0.330527	0.2451771
504	121.8829	-379.62	501.5028	0.007854836	0.3910159	0.449369	0.550631	0.2451771
510	106.7987	-393.7714	500.57	0.6782925	0.5391582	0.152328	0.847672	0.2434451
516	120.8668	-380.0293	500.8962	0.3680342	0.5868114	0.172931	0.827069	0.294581
522	118.7432	-380.4243	499.1675	1.206182	1.119975	0.347168	0.652832	0.1759422
528	126.251	-373.8558	500.1068	0.9668938	0.4043349	0.226755	0.773245	0.1287489
534	117.5397	-383.5399	501.0796	0.5497325	0.277534	0.366842	0.633158	0.1948841
540	122.9535	-378.0063	500.9597	0.747277	0.2973434	0.0769083	0.923092	0.2433285
546	127.5072	-374.4759	501.9832	0.3250224	0.1281906	0.0389811	0.961019	0.3056591
552	119.8835	-381.6776	501.5612	0.5186733	0.1450544	0.324272	0.675728	0.2166003
558	112.8644	-388.8065	501.6708	0.5186733	0.1159334	0.643353	0.356647	0.2166003
564	124.7634	-376.373	501.1364	0.4759319	0.3144522	0.388081	0.611919	0.2195407
570	124.8554	-376.3765	501.2319	0.5805334	0.1082333	0.374423	0.625577	0.1183089
576	125.1521	-375.2469	500.399	0.6817885	0.4381416	0.34472	0.65528	0.1417278
582	118.1095	-381.4462	499.5557	0.5954537	1.219769	0.102995	0.897005	0.1445383
588	112.6832	-387.4918	500.175	0.8571828	0.8292785	0.201445	0.798555	0.3783505
594	115.7548	-382.6864	498.4412	0.8306453	3.074018	0.107833	0.892167	0.1947493
600	122.9829	-377.8686	500.8515	0.8306453	0.3112997	0.533728	0.466272	0.2468369
606	117.5728	-382.6824	500.2553	1.113665	0.1093442	0.335301	0.664699	0.0691274
612	126.3232	-374.4871	500.8103	0.9065339	0.1987004	0.446596	0.553404	0.1604431
618	119.3608	-380.9049	500.2657	0.9065339	0.4638503	0.350326	0.649674	0.1730549
624	120.0425	-380.2267	500.2692	1.148892	0.2080024	0.760053	0.239947	0.1107568
630	118.3305	-381.6948	500.0252	1.374965	0.103787	0.199866	0.800134	0.06979927
636	113.5859	-386.0865	499.6724	0.9903722	0.4920117	0.603001	0.396999	0.09294271
642	122.4922	-379.1321	501.6243	0.3395662	0.1814128	0.490809	0.509191	0.2189024
648	116.2043	-385.2167	501.421	0.5083925	0.1924983	0.119479	0.880521	0.2189024
654	123.008	-377.9904	500.9984	0.9039169	0.1588329	0.292151	0.707849	0.1751344
660	123.8652	-376.2445	500.1097	1.07627	0.3289753	0.197012	0.802988	0.1217493
666	110.0465	-389.1878	499.2343	1.231142	0.7833514	0.621697	0.378303	0.1217493
672	109.6887	-390.3821	500.0708	0.6374549	1.082653	0.156572	0.843428	0.3112823
678	105.303	-394.9853	500.2883	0.5843569	0.7892328	0.122144	0.877856	0.2277268
684	112.2016	-388.4401	500.6417	0.2514784	0.8399019	0.454554	0.545446	0.2664059
690	110.3812	-390.4762	500.8574	0.8417965	0.20173	0.114437	0.885563	0.1584169
696	118.9033	-379.982	498.8853	1.080543	0.9477483	0.0897311	0.910269	0.08195323
702	120.4601	-379.0902	499.5504	1.080543	0.4693905	0.488304	0.511696	0.08532436
708	112.6264	-389.0276	501.654	0.6197292	0.09958431	0.0686491	0.931351	0.2232798
714	117.659	-383.5254	501.1844	0.8470554	0.05608106	0.183838	0.816162	0.1154122
720	111.6607	-389.8276	501.4883	0.3614804	0.2087717	0.212193	0.787807	0.2073738
726	118.8523	-382.3773	501.2296	0.6875508	0.1863929	0.3062	0.6938	0.2073738
732	110.2579	-389.1617	499.4196	0.394581	2.392275	0.24337	0.75663	0.3057427
738	127.8352	-374.36	502.1952	0.2439516	0.101193	0.451479	0.548521	0.3252488
744	124.3188	-377.9223	502.241	0.3449974	0.04548558	0.451479	0.548521	0.2488715
750	119.2625	-382.7439	502.0064	0.0494841	0.1735	0.066727	0.933273	0.2480617
756	121.4283	-380.493	501.9214	0.07246378	0.2442089	0.124002	0.875998	0.3551292
762	116.0839	-384.0884	500.1723	0.9149357	0.5962145	0.260481	0.739519	0.2122431
768	119.8751	-379.8617	499.7368	0.9005328	1.077816	0.274289	0.725711	0.2611047
774	120.7456	-378.8908	499.6364	1.098586	0.4487954	0.274289	0.725711	0.09267391
780	104.8831	-395.1229	500.006	0.765597	0.6198882	0.338688	0.661312	0.1380847
786	112.5629	-388.0877	500.6506	0.6362159	0.3491093	0.288565	0.711435	0.1482993
792	103.4122	-396.6294	500.0416	0.7828553	0.3758824	0.245292	0.754708	0.08736768
798	119.3183	-382.4622	501.7806	0.04155656	0.2511552	0.61295	0.38705	0.2438162
804	128.0697	-373.9196	501.9893	0.02419349	0.2262572	0.283639	0.716361	0.3244024
810	125.2853	-375.8461	501.1314	0.0098483	0.478145	0.484323	0.515677	0.1713843
816	129.8914	-371.7224	501.6137	0.129438	0.2711281	0.402865	0.597135	0.2311071
822	124.1328	-377.269	501.4018	0.4745391	0.179506	0.253908	0.746092	0.1870484
828	130.5104	-371.0875	501.5979	0.09732736	0.2295894	0.0925315	0.907468	0.1775568
834	120.6628	-381.2601	501.923	0.2153326	0.1408397	0.295539	0.704461	0.2343608
840	121.9219	-379.8783	501.8002	0.1357463	0.2519605	0.509263	0.490737	0.3168697
846	113.5344	-387.0282	500.5626	0.3981798	0.5365832	0.372944	0.627056	0.1512392
852	114.2793	-386.5064	500.7857	0.4171369	0.4356359	0.243893	0.756107	0.1679895
858	115.7366	-385.5375	501.2741	0.4272507	0.214505	0.283387	0.716613	0.1679895
864	115.1873	-385.8598	501.0471	0.4770526	0.3199895	0.161569	0.838431	0.193007
870	109.4791	-391.475	500.9542	0.4571317	0.3731546	0.664488	0.335512	0.193007
876	113.8736	-387.874	501.7475	0.4061141	0.08831498	0.0772061	0.922794	0.1692128
882	111.0013	-390.7789	501.7802	0.2260849	0.127235	0.0502172	0.949783	0.1725597
888	101.5783	-400.3677	501.946	0.2656217	0.149056	0.350902	0.649098	0.2906641
894	107.2812	-393.9354	501.2166	0.2526021	0.3688702	0.220672	0.779328	0.2095885
900	116.7937	-383.4705	500.2642	0.7596889	0.3558221	0.0934429	0.906557	0.1063097
906	120.8195	-380.779	501.5985	0.2813946	0.1714527	0.292516	0.707484	0.1805436
912	116.1064	-385.681	501.7874	0.07959556	0.2510376	0.383107	0.616893	0.2670498
918	114.3393	-386.7533	501.0926	0.3774314	0.2527924	0.177733	0.822267	0.139866
924	115.9522	-383.2767	499.2289	1.072354	0.5652602	0.165275	0.834725	0.06940718
930	120.0378	-377.4226	497.4604	1.565107	2.671258	0.619399	0.380601	0.1069456
936	119.6111	-377.7548	497.3659	1.565107	2.671258	0.101113	0.898887	0.0950121
942	117.1635	-384.3114	501.4749	0.7189881	0.1517933	0.129195	0.870805	0.2851065
948	113.0328	-388.1401	501.1729	0.2184919	0.5279152	0.567504	0.432496	0.3245299
954	110.4617	-391.4466	501.9083	0.6206118	0.04599419	0.576951	0.423049	0.2244064
960	111.434	-388.176	499.6099	1.301091	0.2952309	0.321759	0.678241	0.0785647
966	113.5468	-385.7651	499.3119	1.301091	0.4464261	0.063717	0.936283	0.07957063
972	108.7208	-389.9578	498.6786	1.301091	0.9878341	0.185079	0.814921	0.08756348
978	104.8462	-392.1198	496.966	1.766525	3.437025	0.206055	0.793945	0.1109755
984	94.77721	-403.8773	498.6545	0.9451933	2.893634	0.0806575	0.919343	0.3242489
990	109.3703	-391.6772	501.0476	0.5829269	0.3247281	0.311998	0.688002	0.2367872
996	109.7414	-392.1081	501.8494	0.6176883	0.04671747	0.662757	0.337243	0.2027363
1002	109.6109	-390.8542	500.4651	0.7740574	0.2341042	0.396952	0.603048	0.09696212
1008	108.6839	-392.8774	501.5612	0.1892968	0.2831281	0.321036	0.678964	0.247997
1014	122.7429	-377.5837	500.3266	0.3304065	1.031101	0.164059	0.835941	0.247997
1020	114.2335	-386.8488	501.0824	0.3958654	0.4085104	0.131017	0.868983	0.2457852
1026	114.3552	-386.1692	500.5245	0.550498	0.3368138	0.33365	0.66635	0.1077734
1032	105.6813	-395.272	500.9532	0.4348788	0.3962119	0.40648	0.59352	0.2002787
1038	119.6638	-381.1664	500.8302	0.2116797	0.6704233	0.628041	0.371959	0.2359751
1044	129.1794	-372.5698	501.7492	0.3451189	0.1408837	0.18915	0.81085	0.216401
1050	131.8965	-369.9269	501.8234	0.08734518	0.1965113	0.546342	0.453658	0.216401
1056	120.8838	-381.4341	502.3179	0.1239592	0.05934015	0.129684	0.870316	0.216401
1062	120.8111	-381.071	501.8821	0.1503442	0.1800659	0.226919	0.773081	0.2468762
1068	124.9777	-376.177	501.1547	0.1869926	0.4861306	0.0947361	0.905264	0.2468762
1074	119.3049	-381.5797	500.8846	0.2702093	0.5527093	0.161402	0.838598	0.2130978
1080	124.8847	-376.1474	501.0321	0.7486742	0.1905959	0.352863	0.647137	0.1701466
1086	121.0711	-380.2053	501.2764	0.7830754	0.08413967	0.378079	0.621921	0.1436013
1092	120.3213	-379.6857	500.007	0.7949009	0.8789382	0.338381	0.661619	0.24186
1098	119.0117	-381.615	500.6267	0.7202989	0.5031809	0.237964	0.762036	0.2645143
1104	122.385	-379.7666	502.1516	0.1773315	0.1121172	0.26618	0.73382	0.276346
1110	114.6327	-387.3509	501.9836	0.3453019	0.1121172	0.140714	0.859286	0.276346
1116	117.4955	-383.5526	501.048	0.2561402	0.4744509	0.21787	0.78213	0.2216358
1122	117.6555	-383.727	501.3825	0.4649812	0.1830174	0.53516	0.46484	0.1818536
1128	110.3121	-390.509	500.8211	0.5293586	0.5319228	0.33289	0.66711	0.296248
1134	114.1861	-386.8642	501.0503	0.3247798	0.5705078	0.526171	0.473829	0.38447
1140	123.0467	-378.8203	501.867	0.09967297	0.2632972	0.107488	0.892512	0.3872411
1146	110.4439	-391.6411	502.085	0.002835409	0.1932809	0.332625	0.667375	0.3060291
1152	120.7805	-380.1241	500.9045	0.02129605	0.5705309	0.209447	0.790553	0.15507
1158	125.9015	-375.7663	501.6678	0.06630434	0.3205946	0.403628	0.596372	0.2886928
1164	130.3607	-371.6575	502.0182	0.4286819	0.07270467	0.318904	0.681096	0.2464213
1170	126.147	-375.5696	501.7166	0.3345312	0.2032769	0.463108	0.536892	0.3008664
1176	114.5359	-387.9205	502.4564	0.09737927	0.06932913	0.153032	0.846968	0.3008664
1182	112.6277	-388.9488	501.5764	0.1012153	0.2768975	0.483657	0.516343	0.210824
1188	116.4101	-384.5491	500.9592	0.1600982	0.5273506	0.0982516	0.901748	0.18797
1194	124.6352	-376.75	501.3851	0.2310871	0.3869836	0.510208	0.489792	0.304159
1200	115.6684	-385.784	501.4524	0.5272652	0.1953803	0.329659	0.670341	0.2443181
1206	119.7992	-382.0695	501.8686	0.2599305	0.1953803	0.329659	0.670341	0.3509436
1212	112.7833	-388.6397	501.423	0.3753146	0.2222434	0.478731	0.521269	0.20286
1218	114.768	-385.5051	500.273	0.7700596	0.2791458	0.677566	0.322434	0.08789023
1224	108.0618	-393.8782	501.94	0.1321044	0.1232584	0.50183	0.49817	0.1867109
1230	114.0978	-387.9684	502.0662	0.09082027	0.1563288	0.637135	0.362865	0.2717971
1236	112.756	-389.6409	502.3969	0.1189629	0.07807367	0.207168	0.792832	0.3034924
1242	117.6594	-384.2113	501.8706	0.2322237	0.187345	0.203301	0.796699	0.3034924
1248	124.3524	-376.2862	500.6386	0.5967686	0.513693	0.124217	0.875783	0.2203128
1254	122.7864	-378.5821	501.3686	0.6910092	0.1535485	0.12697	0.87303	0.2203128
1260	122.0147	-379.9445	501.9592	0.2286773	0.1877521	0.321126	0.678874	0.4067028
1266	116.5634	-384.7655	501.3288	0.4918292	0.265014	0.358517	0.641483	0.2611754
1272	129.3985	-372.0458	501.4444	0.2455408	0.3006006	0.515055	0.484945	0.2388988
1278	118.6686	-383.0457	501.7142	0.345611	0.1516278	0.170351	0.829649	0.2178144
1284	122.7658	-378.3629	501.1287	0.7138151	0.1252887	0.27719	0.72281	0.1348376
1290	117.7056	-384.2635	501.9691	0.211737	0.0819755	0.0385853	0.961415	0.1688572
1296	116.7072	-384.6501	501.3574	0.2980545	0.3415651	0.251615	0.748385	0.2680988
1302	115.0804	-386.4394	501.5198	0.587065	0.1475685	0.319979	0.680021	0.2311446
1308	131.1941	-370.491	501.6852	0.5235472	0.09235982	0.479502	0.520498	0.1895777
1314	117.7982	-382.3687	500.1669	0.1732597	1.106844	0.308329	0.691671	0.1641876
1320	132.7482	-368.7705	501.5187	0.246336	0.2198391	0.125807	0.874193	0.1899189
1326	131.9549	-369.952	501.907	0.3678363	0.08434771	0.217699	0.782301	0.1992487
1332	120.3398	-381.9623	502.3021	0.3640903	0.02318122	0.212489	0.787511	0.2410193
1338	122.7089	-378.5892	501.2981	0.5937193	0.1712338	0.326887	0.673113	0.1837531
1344	119.9956	-381.0095	501.0051	0.5329826	0.2296575	0.385551	0.614449	0.1410878
1350	121.997	-376.5686	498.5656	0.9690538	1.482281	0.424103	0.575897	0.08547854
1356	127.4617	-372.7276	500.1893	0.9690538	0.3625509	0.113253	0.886747	0.1290527
1362	123.0915	-377.7815	500.8731	0.4808377	0.4492979	0.077926	0.922074	0.2239741
1368	119.8242	-380.713	500.5371	0.761287	0.4492979	0.386607	0.613393	0.2032995
1374	116.4515	-385.4708	501.9222	0.4035522	0.07489731	0.190538	0.809462	0.2017249
1380	120.4466	-381.0973	501.544	0.1529457	0.1969429	0.490127	0.509873	0.1546353
1386	125.6783	-375.4495	501.1278	0.3180716	0.4698831	0.410071	0.589929	0.2911879
1392	122.27	-378.4103	500.6803	0.4168647	0.4698831	0.214113	0.785887	0.1571582
1398	117.5695	-384.2349	501.8044	0.3865618	0.08918578	0.404621	0.595379	0.1802642
1404	123.0474	-378.793	501.8404	0.3444421	0.08918578	0.377514	0.622486	0.1785562
1410	115.4926	-385.6608	501.1534	0.5009077	0.3964927	0.536539	0.463461	0.3598059
1416	108.2614	-392.1201	500.3814	0.7424944	0.3299134	0.690039	0.309961	0.1125719
1422	110.6979	-391.383	502.0809	0.2245389	0.05305907	0.285056	0.714944	0.1651616
1428	115.9261	-385.666	501.5921	0.3185543	0.2087225	0.160088	0.839912	0.2310299
1434	117.5358	-384.5699	502.1057	0.2609933	0.09419235	0.320276	0.679724	0.2552051
1440	113.2623	-388.2311	501.4934	0.5529155	0.1541425	0.589615	0.410385	0.2159909
1446	106.9723	-394.1807	501.153	0.3468106	0.3623839	0.570649	0.429351	0.2159909
1452	113.7144	-388.1472	501.8616	0.6046696	0.0294254	0.270367	0.729633	0.1775353
1458	121.7357	-380.4814	502.2171	0.3515054	0.02775294	0.391277	0.608723	0.207426
1464	121.0731	-380.1443	501.2174	0.8023328	0.1514272	0.262167	0.737833	0.2030062
1470	128.8107	-372.1335	500.9443	0.6849174	0.1514272	0.453311	0.546689	0.1152624
1476	123.9754	-377.4232	501.3987	0.6990737	0.08277903	0.0629049	0.937095	0.1502665
1482	117.6459	-383.5179	501.1638	0.9730029	0.1245113	0.200559	0.799441	0.209499
1488	132.4795	-368.4568	500.9363	0.4466761	0.3313121	0.178489	0.821511	0.1612632
1494	128.7646	-372.7403	501.505	0.4929859	0.1214635	0.403276	0.596724	0.1647835
1500	122.9017	-378.3477	501.2494	0.1101196	0.5738348	0.606086	0.393914	0.3683624
1506	118.056	-383.8234	501.8794	0.3392156	0.09140458	0.458022	0.541978	0.1913227
1512	117.3684	-384.3078	501.6761	0.3888453	0.2236221	0.141234	0.858766	0.375606
1518	109.8977	-391.0546	500.9523	0.09950138	0.5143092	0.707171	0.292829	0.16399
1524	111.2455	-389.8983	501.1438	0.03401947	0.6910288	0.5431	0.4569	0.3466593
1530	122.3095	-379.5768	501.8862	0.2287612	0.1820288	0.490759	0.509241	0.3000918
1536	108.7542	-392.0252	500.7794	0.8505281	0.2478265	0.651255	0.348745	0.1731595
1542	113.1004	-387.2335	500.334	0.8505281	0.3425059	0.642503	0.357497	0.1263346
1548	124.1924	-377.1835	501.3758	0.6866219	0.05655476	0.27759	0.72241	0.1205665
1554	120.0642	-380.6089	500.6731	0.7893663	0.220714	0.193554	0.806446	0.1230692
1560	116.2052	-384.19	500.3952	0.7289211	0.3619208	0.244844	0.755156	0.1230692
1566	118.9071	-382.2171	501.1242	0.1946351	0.6034213	0.534735	0.465265	0.3726
1572	120.817	-379.0189	499.8359	0.6175323	1.078996	0.166311	0.833689	0.1878352
1578	102.5077	-399.1499	501.6576	0.3344048	0.175335	0.379148	0.620852	0.2223622
1584	109.8096	-391.9254	501.735	0.1890546	0.2886443	0.381963	0.618037	0.4313979
1590	110.8613	-390.4988	501.3601	0.4749988	0.2886443	0.1859	0.8141	0.3088918
1596	94.93297	-406.6856	501.6186	0.2236992	0.2886443	0.496084	0.503916	0.3149
1602	108.3843	-393.8561	502.2404	0.3180847	0.09085326	0.400646	0.599354	0.448191
1608	113.27	-389.158	502.4279	0.1204663	0.08105093	0.00932027	0.99068	0.3462415
1614	123.1263	-378.73	501.8563	0.1663748	0.2306889	0.421481	0.578519	0.3462415
1620	122.6393	-378.5647	501.204	0.2263466	0.440812	0.533845	0.466155	0.2516683
1626	122.1256	-379.8532	501.9787	0.3625556	0.07823405	0.139748	0.860252	0.2127147
1632	115.3594	-386.4843	501.8436	0.1150701	0.2393526	0.733656	0.266344	0.3080306
1638	114.9694	-386.4878	501.4572	0.2416267	0.2053624	0.331025	0.668975	0.1608594
1644	112.6772	-388.7968	501.474	0.2167235	0.3751659	0.106522	0.893478	0.3526441
1650	113.7425	-387.5391	501.2817	0.3297486	0.3894429	0.389255	0.610745	0.3041891
1656	110.0754	-391.4794	501.5548	0.1031104	0.4145261	0.546605	0.453395	0.4304707
1662	121.6655	-379.7956	501.4611	0.1435019	0.4066432	0.404116	0.595884	0.3267865
1668	114.9986	-387.093	502.0916	0.3211792	0.1079219	0.253482	0.746518	0.3267865
1674	122.3052	-380.2136	502.5187	0.06304701	0.08146513	0.154453	0.845547	0.3969791
1680	125.6795	-376.4007	502.0803	0.06256983	0.1075016	0.762415	0.237585	0.1890979
1686	125.2632	-376.7206	501.9838	0.03533029	0.1751936	0.312593	0.687407	0.2335083
1692	126.0313	-375.025	501.0563	0.3372631	0.4398063	0.178834	0.821166	0.2335083
1698	126.1336	-374.5079	500.6416	0.8096042	0.3374029	0.408512	0.591488	0.1825583
1704	122.8741	-379.3814	502.2555	0.2893119	0.095148	0.291948	0.708052	0.5194532
1710	119.9636	-381.2155	501.1792	0.3237286	0.4346244	0.111309	0.888691	0.2874349
1716	123.3526	-378.1174	501.47	0.6222474	0.1300971	0.201759	0.798241	0.2013916
1722	127.8658	-373.0199	500.8857	0.499578	0.509491	0.714697	0.285303	0.2953878
1728	122.7572	-378.7747	501.5319	0.4338713	0.2223199	0.105134	0.894866	0.2798017
1734	115.2034	-386.5876	501.791	0.4412188	0.08508601	0.314571	0.685429	0.1869201
1740	107.6361	-394.3021	501.9382	0.3063496	0.08238335	0.522122	0.477878	0.1869201
1746	117.6981	-384.528	502.2261	0.1751961	0.09896265	0.487962	0.512038	0.2878671
1752	120.0504	-381.0887	501.139	0.2065181	0.5274682	0.401696	0.598304	0.2878671
1758	121.588	-379.1763	500.7643	0.5431277	0.4211715	0.073418	0.926582	0.1896469
1764	119.48	-382.2161	501.696	0.09314301	0.2111016	0.45298	0.54702	0.1896469
1770	121.5236	-379.1396	500.6632	0.4098768	0.618542	0.576282	0.423718	0.2190846
1776	128.9772	-370.879	499.8562	0.5780178	0.7091381	0.288561	0.711439	0.103823
1782	117.9708	-381.2771	499.2478	1.310331	0.4416164	0.294873	0.705127	0.0738285
1788	117.2668	-382.5611	499.828	0.935116	0.1459193	0.260228	0.739772	0.04098105
1794	116.1539	-382.7018	498.8556	1.526971	0.2756004	0.846013	0.153987	0.04098105
1800	112.798	-387.5458	500.3438	0.528129	0.6326764	0.19	0.81	0.1635648
1806	115.1086	-385.4628	500.5713	0.528129	0.4773734	0.284368	0.715632	0.1606832
1812	114.6852	-386.5383	501.2235	0.7469032	0.1222161	0.32244	0.67756	0.1588941
1818	112.3038	-387.8724	500.1761	0.9196888	0.2641691	0.533284	0.466716	0.08956828
1824	108.7187	-392.5687	501.2874	0.3204102	0.3356585	0.0928807	0.907119	0.2373478
1830	116.4376	-384.9956	501.4332	0.3118696	0.1767657	0.458233	0.541767	0.1514288
1836	128.7341	-371.6044	500.3384	0.7353963	0.42968	0.424225	0.575775	0.1373836
1842	133.3529	-366.8335	500.1864	0.7353963	0.5100194	0.201169	0.798831	0.1349239
1848	129.9591	-370.7919	500.751	0.6123274	0.334455	0.247268	0.752732	0.1582688
1854	131.7062	-368.4708	500.177	0.7184119	0.511712	0.0924681	0.907532	0.1306566
1860	130.9595	-368.1907	499.1503	1.119176	1.106888	0.161563	0.838437	0.1481658
1866	119.7966	-379.9881	499.7847	1.22046	0.3066768	0.484158	0.515842	0.09085049
1872	127.1464	-373.9158	501.0622	0.8584223	0.1252984	0.273794	0.726206	0.1504161
1878	131.867	-369.2107	501.0777	0.2997708	0.4032715	0.479085	0.520915	0.2012732
1884	127.1506	-374.402	501.5526	0.6651167	0.09871613	0.341463	0.658537	0.2012732
1890	128.1494	-372.644	500.7935	0.6297565	0.2709261	0.35417	0.64583	0.1397249
1896	125.3122	-375.2509	500.563	0.5857541	0.539514	0.509663	0.490337	0.2036187
1902	118.4767	-382.6812	501.1579	0.670494	0.1706499	0.475158	0.524842	0.1661945
1908	126.6633	-373.8186	500.4819	0.6818098	0.4030054	0.402715	0.597285	0.1452345
1914	108.5348	-390.1034	498.6382	1.277866	1.522068	0.492247	0.507753	0.1452345
1920	102.7902	-399.4646	502.2548	0.006822264	0.162146	0.356305	0.643695	0.3893622
1926	114.4024	-387.1552	501.5577	0.004508016	0.3029185	0.299092	0.700908	0.1927511
1932	116.0399	-384.3002	500.3401	0.2973519	0.9576091	0.142827	0.857173	0.2089287
1938	116.7415	-384.8233	501.5648	0.1823645	0.2943817	0.492569	0.507431	0.2601243
1944	114.8345	-385.1795	500.014	0.8729773	0.7477847	0.151855	0.848145	0.2134921
1950	112.3779	-389.2112	501.5891	0.259889	0.3148694	0.519547	0.480453	0.3972129
1956	116.7452	-384.4763	501.2215	0.4573634	0.3413483	0.682334	0.317666	0.2821427
1962	111.2417	-390.4649	501.7066	0.3247941	0.1396307	0.067072	0.932928	0.1930541
1968	120.6855	-381.0284	501.7139	0.1293522	0.2184179	0.0870887	0.912911	0.2151278
1974	106.1015	-394.484	500.5855	0.2364252	0.9195195	0.368956	0.631044	0.2761256
1980	107.8883	-392.9343	500.8226	0.4914379	0.586063	0.562876	0.437124	0.3360349
1986	111.0737	-389.4799	500.5536	0.7361657	0.4095658	0.461904	0.538096	0.1781838
1992	116.2061	-384.4263	500.6324	0.6302839	0.3377747	0.333809	0.666191	0.1385715
1998	115.9599	-385.7833	501.7432	0.06976133	0.2298376	0.214712	0.785288	0.2157069
2004	116.3556	-384.9541	501.3097	0.3336902	0.2298376	0.2307	0.7693	0.164268
2010	111.0807	-390.1455	501.2262	0.4503667	0.2222984	0.157714	0.842286	0.1673066
2016	109.2298	-391.7109	500.9407	0.4517978	0.4715146	0.530236	0.469764	0.260193
2022	112.4161	-388.6363	501.0524	0.6136279	0.3599809	0.390196	0.609804	0.3005264
2028	115.3222	-386.8825	502.2047	0.4346867	0.06833497	0.462615	0.537385	0.3894029
2034	108.0522	-393.7906	501.8428	0.1704791	0.2019039	0.1831	0.8169	0.272744
2040	117.9442	-382.142	500.0863	0.694389	0.7726862	0.118713	0.881287	0.1881059
2046	117.8577	-383.3471	501.2048	0.814274	0.1571765	0.206343	0.793657	0.2097574
2052	108.4767	-392.0613	500.5381	0.814274	0.4833636	0.349023	0.650977	0.2498362
2058	118.4267	-381.9828	500.4095	0.6899018	0.5620071	0.0600579	0.939942	0.1986953
2064	122.7126	-378.942	501.6545	0.1523158	0.2406302	0.380311	0.619689	0.2248448
2070	123.201	-378.7953	501.9963	0.3058438	0.1276442	0.180774	0.819226	0.2994188
2076	118.8671	-380.7559	499.6229	0.6639158	1.412469	0.252172	0.747828	0.2294524
2082	96.28281	-405.4288	501.7117	0.2932904	0.2119194	0.542295	0.457705	0.2860232
2088	114.7704	-386.1325	500.9029	0.5800652	0.4330712	0.167022	0.832978	0.2729505
2094	114.5544	-386.421	500.9754	0.05901677	0.6039685	0.317646	0.682354	0.1978194
2100	113.9476	-387.6977	501.6453	0.01609095	0.3264036	0.525554	0.474446	0.2534309
2106	106.9158	-394.0852	501.001	0.02453746	0.6086316	0.104456	0.895544	0.1971106
2112	110.5759	-390.6371	501.213	0.0321764	0.6086316	0.0788133	0.921187	0.3041522
2118	118.1205	-384.0569	502.1774	0.1510845	0.1309935	0.60695	0.39305	0.3329266
2124	121.8663	-380.0161	501.8823	0.4575683	0.1081372	0.155937	0.844063	0.2731687
2130	112.4492	-387.7305	500.1797	0.6833239	0.8287322	0.665243	0.334757	0.2440546
2136	112.6159	-387.839	500.4549	0.6035153	0.5412662	0.349683	0.650317	0.1767959
2142	116.2491	-384.7296	500.9787	0.8098673	0.1962659	0.459183	0.540817	0.1767959
2148	119.8637	-379.8952	499.7589	0.6580272	1.334581	0.275429	0.724571	0.2627373
2154	122.6026	-377.638	500.2406	0.3821542	1.17129	0.126231	0.873769	0.307704
2160	121.0351	-379.5195	500.5546	0.3821542	0.6015517	0.494321	0.505679	0.1686578
2166	114.542	-387.3258	501.8678	0.3403404	0.1072936	0.307023	0.692977	0.2104954
2172	107.5165	-392.9401	500.4565	0.491735	0.7022374	0.127748	0.872252	0.2148097
2178	114.1844	-386.223	500.4073	0.7762232	0.4300568	0.358025	0.641975	0.1607753
2184	111.2987	-389.4419	500.7406	0.8252361	0.2893585	0.248647	0.751353	0.1842267
2190	123.8623	-377.5212	501.3835	0.5110955	0.1742976	0.433599	0.566401	0.1875068
2196	113.6341	-388.3147	501.9488	0.2210268	0.08423285	0.525875	0.474125	0.1686684
2202	123.0827	-379.1409	502.2236	0.2766185	0.0919356	0.57227	0.42773	0.3469827
2208	121.5783	-380.3299	501.9081	0.2413772	0.1100653	0.2885	0.7115	0.194428
2214	127.3686	-374.818	502.1866	0.2044826	0.07363655	0.295519	0.704481	0.2236633
2220	128.3932	-372.5444	500.9375	0.7606327	0.2177911	0.217471	0.782529	0.1695595
2226	121.1417	-378.663	499.8047	0.7421218	1.230013	0.367419	0.632581	0.2893225
2232	118.4648	-382.8907	501.3555	0.4250571	0.3097166	0.341845	0.658155	0.3046514
2238	103.7128	-397.3121	501.0249	0.1899956	0.6401803	0.274099	0.725901	0.3157896
2244	117.9235	-383.9928	501.9162	0.1550339	0.1272574	0.174809	0.825191	0.1911326
2250	100.9351	-400.5262	501.4614	0.8271317	0.1108219	0.613766	0.386234	0.2509231
2256	106.4954	-393.9292	500.4246	0.5220966	0.543412	0.256083	0.743917	0.1505201
2262	117.6687	-383.7253	501.394	0.8971772	0.04322778	0.205188	0.794812	0.1505201
2268	114.4189	-386.5623	500.9812	0.912177	0.1631677	0.20847	0.79153	0.1766731
2274	121.0764	-379.8349	500.9113	0.729704	0.1631677	0.17413	0.82587	0.1233949
2280	121.4847	-379.0488	500.5335	0.569539	0.615523	0.309767	0.690233	0.2294901
2286	123.6492	-377.0487	500.6979	0.7419617	0.1944101	0.459782	0.540218	0.1081359
2292	118.1825	-381.3595	499.542	0.6494279	1.223467	0.579375	0.420625	0.1537674
2298	117.7903	-381.7194	499.5097	0.8929419	0.9684854	0.21112	0.78888	0.1478449
2304	102.0608	-399.1301	501.1909	0.3459052	0.3591135	0.604278	0.395722	0.2280819
2310	117.1955	-383.4737	500.6692	0.7370268	0.3217121	0.290214	0.709786	0.1617681
2316	112.6064	-388.6518	501.2582	0.5478131	0.1864492	0.389338	0.610662	0.1733948
2322	107.7393	-390.5029	498.2422	0.8887082	3.803748	0.539746	0.460254	0.2491123
2328	118.4403	-380.1009	498.5412	1.019152	3.14106	0.398396	0.601604	0.4152312
2334	117.4987	-381.2961	498.7948	1.156991	1.061824	0.302426	0.697574	0.09246789
2340	125.3011	-374.9403	500.2414	0.9884648	0.3188946	0.247019	0.752981	0.1252789
2346	117.1934	-383.0301	500.2235	0.9272774	0.3308684	0.318093	0.681907	0.1168742
2352	122.0549	-379.2783	501.3332	0.5299413	0.1161679	0.372494	0.627506	0.1321105
2358	123.3765	-376.3367	499.7132	0.9950279	0.6813126	0.324788	0.675212	0.1421564
2364	119.9607	-379.909	499.8697	0.6386358	0.8653487	0.515279	0.484721	0.1469209
2370	120.219	-380.7024	500.9214	0.5869142	0.3360503	0.534945	0.465055	0.1992893
2376	126.4538	-375.0507	501.5045	0.4538038	0.2005178	0.198194	0.801806	0.2415383
2382	117.0416	-384.5127	501.5542	0.2371968	0.2534039	0.528781	0.471219	0.2325261
2388	123.1796	-377.6954	500.875	0.3169492	0.4973004	0.426954	0.573046	0.1953623
2394	115.474	-385.0134	500.4874	0.6319698	0.4641873	0.0542244	0.945776	0.160024
2400	118.841	-381.2437	500.0847	0.8148914	0.5651362	0.794309	0.205691	0.1476147
2406	123.5117	-376.0069	499.5185	1.020508	0.5651362	0.303861	0.696139	0.09210963
2412	118.2809	-382.5771	500.8579	0.09223053	0.8817385	0.079402	0.920598	0.3477726
2418	121.3659	-380.0036	501.3695	0.2793208	0.3846914	0.101278	0.898722	0.3282963
2424	120.8195	-380.5697	501.3892	0.3193288	0.273575	0.352972	0.647028	0.219378
2430	119.4093	-380.975	500.3843	0.6057586	0.6465848	0.262657	0.737343	0.2030908
2436	126.5503	-373.7198	500.2702	0.8837384	0.216595	0.471463	0.528537	0.08236278
2442	121.5672	-378.315	499.8822	0.8948857	0.3917234	0.217517	0.782483	0.08569488
2448	115.3867	-384.5104	499.8971	0.8948857	0.7933341	0.282808	0.717192	0.1995124
2454	120.5791	-381.3852	501.9643	0.1033017	0.1306981	0.440028	0.559972	0.1940688
2460	115.2362	-385.8409	501.0771	0.3875371	0.2251627	0.193385	0.806615	0.1254931
2466	105.8068	-394.8136	500.6203	0.1281626	1.136021	0.0925742	0.907426	0.4438792
2472	114.6511	-387.4195	502.0706	0.1243162	0.1591908	0.282701	0.717299	0.3040872
2478	118.9094	-382.8119	501.7213	0.214701	0.213472	0.0390208	0.960979	0.2490545
2484	119.1927	-382.1759	501.3685	0.1286412	0.4809091	0.319842	0.680158	0.3546121
2490	117.5137	-384.5132	502.0269	0.2335314	0.1650729	0.370521	0.629479	0.4060714
2496	117.8873	-384.2508	502.1381	0.1016666	0.106972	0.434377	0.565623	0.2220551
2502	124.3311	-377.5573	501.8884	0.0309398	0.2735343	0.475905	0.524095	0.355851
2508	119.0739	-381.5295	500.6034	0.2970593	0.9280853	0.256695	0.743305	0.348015
2514	114.7797	-385.8534	500.6331	0.9512098	0.2305956	0.430411	0.569589	0.1511491
2520	112.9064	-386.697	499.6034	1.293704	0.320168	0.430411	0.569589	0.08272154
2526	110.9882	-388.7156	499.7038	1.011971	0.9310978	0.357416	0.642584	0.2285908
2532	103.8583	-396.2657	500.124	0.8443163	0.5243835	0.490849	0.509151	0.1487059
2538	110.3946	-390.7982	501.1928	0.7625611	0.1539707	0.372697	0.627303	0.185391
2544	115.8082	-384.8103	500.6185	0.7190155	0.3678516	0.352024	0.647976	0.169083
2550	117.9464	-382.5585	500.5049	0.7723747	0.4020182	0.329868	0.670132	0.1709662
2556	114.8076	-386.7686	501.5761	0.4883907	0.1556345	0.13481	0.86519	0.2251845
2562	118.7291	-383.3148	502.0439	0.2185575	0.09753297	0.559351	0.440649	0.2154245
2568	114.3205	-387.5995	501.92	0.3251115	0.1094192	0.185397	0.814603	0.2283466
2574	117.8686	-381.5163	499.3849	0.7433313	1.639755	0.099514	0.900486	0.2321556
2580	116.4247	-383.0469	499.4716	0.6952376	1.403242	0.263662	0.736338	0.1847982
2586	119.497	-380.8084	500.3054	0.1874437	1.176715	0.45626	0.54374	0.2345625
2592	118.8693	-382.9446	501.8139	0.1555203	0.2107906	0.501198	0.498802	0.2625098
2598	105.3465	-396.1661	501.5126	0.4898788	0.1524953	0.0670102	0.93299	0.1984467
2604	123.9158	-376.977	500.8928	0.04407162	0.7579836	0.430409	0.569591	0.2393049
2610	122.2658	-379.1631	501.4289	0.3078254	0.1853281	0.786593	0.213407	0.1555705
2616	127.8694	-372.7261	500.5955	0.8008913	0.2364522	0.194725	0.805275	0.1194608
2622	117.1591	-384.3363	501.4954	0.5415642	0.07373047	0.0723248	0.927675	0.1302876
2628	106.5803	-395.7864	502.3668	0.2713547	0.06082986	0.618151	0.381849	0.3389368
2634	108.9224	-392.5845	501.5068	0.8527555	0.04915745	0.255823	0.744177	0.1740278
2640	118.7928	-381.8552	500.648	0.5435639	0.384657	0.10395	0.89605	0.1436238
2646	114.9432	-386.0728	501.016	0.7241744	0.1562309	0.303605	0.696395	0.1366795
2652	118.4947	-382.6086	501.1033	0.7241744	0.2079784	0.205923	0.794077	0.198932
2658	108.077	-392.5402	500.6171	0.552883	0.3636325	0.214513	0.785487	0.1315091
2664	112.1318	-389.334	501.4658	0.5696319	0.2225826	0.2294	0.7706	0.3357034
2670	114.8319	-386.2909	501.1228	0.4439881	0.4671039	0.253257	0.746743	0.4435932
2676	120.1373	-381.2406	501.3779	0.3134612	0.3543242	0.0235994	0.976401	0.3112951
2682	107.9777	-393.5161	501.4938	0.2716992	0.2625026	0.0235994	0.976401	0.2314107
2688	111.7284	-389.6326	501.361	0.3019215	0.2744154	0.596807	0.403193	0.2034624
2694	116.3579	-384.1449	500.5028	0.5347445	0.686925	0.455886	0.544114	0.2440877
2700	117.2799	-383.8935	501.1734	0.2663043	0.3422393	0.28324	0.71676	0.1822545
2706	126.7146	-374.1747	500.8894	0.4352362	0.4629832	0.285767	0.714233	0.221877
2712	112.0546	-389.286	501.3406	0.06720847	0.4862122	0.0511517	0.948848	0.2842698
2718	111.1061	-389.5571	500.6632	0.6208144	0.2772417	0.464067	0.535933	0.1182948
2724	110.5326	-390.2376	500.7702	0.6257235	0.2926046	0.447872	0.552128	0.1447553
2730	118.5693	-382.9923	501.5615	0.6844464	0.1044334	0.151564	0.848436	0.220338
2736	123.7047	-378.3753	502.08	0.09550783	0.1044334	0.370145	0.629855	0.1953241
2742	120.4508	-381.2818	501.7326	0.1794184	0.2337561	0.168326	0.831674	0.2665049
2748	118.4305	-383.0537	501.4842	0.3627594	0.1413238	0.134282	0.865718	0.1474544
2754	119.914	-380.8285	500.7425	0.4373909	0.5543737	0.372724	0.627276	0.2238244
2760	120.5683	-380.7444	501.3127	0.1095716	0.3684943	0.470459	0.529541	0.193482
2766	115.7681	-384.282	500.0501	0.6125093	0.956434	0.199489	0.800511	0.2178356
2772	116.3586	-384.5154	500.874	0.3608311	0.5537887	0.415293	0.584707	0.2479153
2778	104.5448	-394.7663	499.3111	0.7330404	2.110757	0.341927	0.658073	0.3983487
2784	114.3691	-386.4626	500.8317	0.8627068	0.229806	0.0143334	0.985667	0.1774805
2790	115.3223	-385.9352	501.2576	0.0345469	0.3414863	0.147876	0.852124	0.1460158
2796	110.8317	-390.9892	501.8209	0.2202841	0.05271409	0.388305	0.611695	0.1143586
2802	119.1354	-381.94	501.0753	0.1050842	0.5245778	0.230752	0.769248	0.206394
2808	111.066	-390.0626	501.1286	0.3340246	0.4608159	0.311898	0.688102	0.2919039
2814	101.6627	-399.0557	500.7184	0.276955	0.6721453	0.2235	0.7765	0.2176251
2820	109.4929	-390.8728	500.3657	0.05652207	1.453212	0.206003	0.793997	0.3339971
2826	126.9583	-374.4712	501.4295	0.05330399	0.4356158	0.280285	0.719715	0.2756763
2832	126.1489	-373.5814	499.7303	0.8169952	0.8584781	0.543288	0.456712	0.1536386
2838	121.852	-378.2381	500.0901	0.5752662	0.7577784	0.139802	0.860198	0.1536386
2844	126.3845	-375.154	501.5386	0.4677527	0.1562202	0.315171	0.684829	0.2040832
2850	123.8924	-376.6512	500.5435	0.5891977	0.6086464	0.607042	0.392958	0.238213
2856	115.4733	-384.5159	499.9893	0.7560698	0.9503251	0.489844	0.510156	0.2514876
2862	121.7911	-379.8738	501.665	0.3310629	0.1787779	0.644961	0.355039	0.2285354
2868	123.5479	-377.05	500.5979	0.2564971	0.8063231	0.65941	0.34059	0.2285354
2874	116.7077	-384.2115	500.9191	0.3605752	0.4802192	0.270094	0.729906	0.2159638
2880	115.0811	-384.9301	500.0112	0.7267587	0.8598228	0.294892	0.705108	0.2072644
2886	104.8486	-397.4488	502.2974	0.08139229	0.1048841	0.507994	0.492006	0.2895133
2892	118.335	-383.0684	501.4034	0.1195899	0.4773735	0.447067	0.552933	0.3822329
2898	113.0203	-388.7953	501.8157	0.2120846	0.1801993	0.639406	0.360594	0.2448285
2904	115.4443	-385.7079	501.1521	0.7262685	0.1801993	0.38905	0.61095	0.1883243
2910	114.3921	-387.3947	501.7867	0.2986154	0.1770978	0.478063	0.521937	0.2700956
2916	109.7577	-391.7955	501.5531	0.2461768	0.2789462	0.446741	0.553259	0.2686085
2922	104.7983	-393.2093	498.0077	1.146369	4.206148	0.359318	0.640682	0.3770097
2928	104.4974	-394.4126	498.91	0.7266663	2.996878	0.145649	0.854351	0.5055766
2934	95.60481	-404.0003	499.6051	0.7266663	1.665585	0.110618	0.889382	0.5755343
2940	111.1879	-388.9815	500.1694	0.7266663	0.5325148	0.339427	0.660573	0.136869
2946	114.8088	-386.1765	500.9853	0.8591204	0.2041006	0.550814	0.449186	0.2007913
2952	117.7446	-382.3255	500.0701	0.8327292	0.3436958	0.13361	0.86639	0.08861815
2958	122.2501	-378.1934	500.4436	0.8327292	0.2323335	0.371084	0.628916	0.1009494
2964	120.8674	-379.9021	500.7695	0.8327292	0.1781947	0.0954931	0.904507	0.1251055
2970	104.2059	-396.0444	500.2503	1.064865	0.1815759	0.289306	0.710694	0.08813948
2976	107.4996	-390.7972	498.2968	1.154455	1.29154	0.391546	0.608454	0.06504388
2982	119.6964	-379.2797	498.9761	1.293685	0.7851655	0.294078	0.705922	0.09512369
2988	128.5937	-371.0799	499.6737	1.205692	0.2816944	0.607596	0.392404	0.07285694
2994	107.4861	-391.7468	499.2329	1.205692	0.8784881	0.607596	0.392404	0.1360295
3000	128.2882	-373.0853	501.3735	0.4325178	0.326187	0.125224	0.874776	0.3683267
3006	122.7698	-379.1529	501.9228	0.142662	0.1658034	0.33956	0.66044	0.2405428
3012	107.6946	-394.0057	501.7003	0.1575929	0.2808736	0.260729	0.739271	0.31223
3018	117.2506	-383.8413	501.0919	0.6089207	0.2818613	0.277094	0.722906	0.2244082
3024	124.1926	-377.4018	501.5945	0.3514316	0.2454311	0.3271	0.6729	0.310783
3030	123.0131	-378.7861	501.7993	0.2955021	0.1938451	0.399289	0.600711	0.31308
3036	124.0673	-376.9239	500.9912	0.5474581	0.3256566	0.479979	0.520021	0.201841
3042	128.8931	-371.7916	500.6848	0.5523321	0.4884121	0.252711	0.747289	0.205483
3048	123.6796	-377.2435	500.9231	0.4751193	0.4121452	0.0521112	0.947889	0.2146732
3054	123.5259	-375.9787	499.5046	1.17511	0.526487	0.314518	0.685482	0.1017932
3060	119.8812	-380.3328	500.2141	0.4422877	1.126056	0.390911	0.609089	0.3020959
3066	120.5563	-380.7707	501.327	0.6705177	0.1724876	0.334937	0.665063	0.2208893
3072	110.0741	-390.4905	500.5645	0.5126788	0.5296161	0.406013	0.593987	0.1769148
3078	118.7297	-382.4931	501.2227	0.4346417	0.2894134	0.200401	0.799599	0.2145174
3084	98.84142	-402.2124	501.0538	0.5669312	0.2330958	0.113934	0.886066	0.16097
3090	110.0447	-391.5237	501.5684	0.1784934	0.3477832	0.378649	0.621351	0.3523114
3096	113.9685	-387.688	501.6565	0.2338816	0.2682287	0.406007	0.593993	0.3133268
3102	113.8219	-387.7851	501.607	0.260912	0.2682287	0.269289	0.730711	0.2958935
3108	118.1276	-383.3904	501.5181	0.4268498	0.1740968	0.0820914	0.917909	0.2034474
3114	116.8166	-384.1008	500.9175	0.1716251	0.5083719	0.262962	0.737038	0.1709547
3120	96.81238	-403.4734	500.2858	0.6603337	0.6012575	0.169206	0.830794	0.1709547
3126	104.6252	-396.975	501.6002	0.4565235	0.1503631	0.279342	0.720658	0.2149514
3132	104.6842	-397.1163	501.8006	0.270009	0.2283831	0.18733	0.81267	0.4100493
3138	105.3267	-395.6334	500.9602	0.4500798	0.3046452	0.529468	0.470532	0.1537832
3144	108.7457	-392.7386	501.4843	0.5590316	0.1633578	0.384934	0.615066	0.2272627
3150	101.4806	-398.9525	500.433	1.073229	0.1633578	0.259223	0.740777	0.103753
3156	101.8087	-398.0537	499.8624	1.227663	0.2072506	0.416313	0.583687	0.0739588
3162	115.3975	-385.8513	501.2489	0.7353728	0.1406129	0.0595367	0.940463	0.1800954
3168	127.4327	-374.4337	501.8664	0.328213	0.1131001	0.222794	0.777206	0.2142502
3174	115.9357	-384.4263	500.362	0.7051306	0.3469389	0.514325	0.485675	0.1097037
3180	119.2041	-381.9471	501.1511	0.6853275	0.232424	0.433413	0.566587	0.2279133
3186	117.0165	-383.9155	500.932	0.6022349	0.4372612	0.251903	0.748097	0.3147819
3192	122.4538	-379.0255	501.4793	0.07196425	0.3689818	0.487845	0.512155	0.243538
3198	121.9952	-379.4692	501.4644	0.297506	0.2011797	0.232348	0.767652	0.173577
3204	119.2038	-381.2873	500.4911	0.6294281	0.5342874	0.179333	0.820667	0.1916969
3210	119.2684	-382.7857	502.0541	0.1204828	0.1897862	0.229391	0.770609	0.3926956
3216	118.5072	-382.4573	500.9645	0.135654	0.488246	0.386676	0.613324	0.1653148
3222	121.1766	-381.1327	502.3093	0.04572394	0.1309937	0.242635	0.757365	0.3632058
3228	118.9701	-382.1066	501.0767	0.03764363	0.5564677	0.629821	0.370179	0.2008561
3234	113.8418	-387.4081	501.2499	0.006921897	0.4456684	0.265539	0.734461	0.1878673
3240	117.5253	-384.7624	502.2877	0.009893391	0.1402604	0.544989	0.455011	0.3362111
3246	110.3713	-391.8265	502.1978	0.01415542	0.1051628	0.544989	0.455011	0.2087007
3252	95.22079	-405.8603	501.0811	0.07359457	0.4091978	0.370979	0.629021	0.1458059
3258	97.59237	-404.4746	502.067	0.1571322	0.1750917	0.803889	0.196111	0.398829
3264	116.6931	-384.9991	501.6922	0.5916037	0.05775342	0.449807	0.550193	0.1656036
3270	109.6009	-392.1579	501.7588	0.5734685	0.07013828	0.657566	0.342434	0.1964103
3276	111.4545	-390.6482	502.1027	0.3821456	0.04252145	0.683654	0.316346	0.2016403
3282	119.4379	-382.724	502.1619	0.1223316	0.08383474	0.214728	0.785272	0.2016403
3288	111.22	-391.2765	502.4964	0.07071792	0.08383474	0.306731	0.693269	0.3898842
3294	124.8509	-376.9759	501.8268	0.5605334	0.09262142	0.366197	0.633803	0.2625826
3300	122.5131	-379.0307	501.5438	0.2838671	0.3205093	0.111683	0.888317	0.3819248
3306	124.5367	-377.3863	501.9231	0.1728503	0.1721367	0.163159	0.836841	0.2669434
3312	122.0343	-379.705	501.7392	0.1667746	0.236264	0.319761	0.680239	0.2669434
3318	118.8792	-382.0084	500.8877	0.4073806	0.5381595	0.123288	0.876712	0.2669434
3324	111.2122	-389.606	500.8182	0.2388716	0.5381595	0.227772	0.772228	0.1751008
3330	115.845	-384.2682	500.1132	0.7483109	0.6732775	0.413568	0.586432	0.1751008
3336	115.3919	-384.8292	500.2212	0.8589584	0.3998047	0.651738	0.348262	0.1283597
3342	114.0863	-385.9796	500.0659	0.9174432	0.6426596	0.363264	0.636736	0.1990167
3348	121.7119	-379.416	501.1279	0.2074047	0.4776609	0.0355507	0.964449	0.2371626
3354	124.5031	-376.6141	501.1173	0.2564216	0.3587838	0.123225	0.876775	0.1736385
3360	121.5079	-379.8597	501.3676	0.1060245	0.3517526	0.370324	0.629676	0.1988978
3366	109.3325	-392.2075	501.54	0.03643462	0.4324937	0.527416	0.472584	0.3475247
3372	114.5495	-386.4686	501.0181	0.5711748	0.3824963	0.0539383	0.946062	0.279117
3378	115.0303	-385.6146	500.6449	0.8414127	0.2828998	0.437155	0.562845	0.1594144
3384	124.1345	-377.9982	502.1327	0.2252036	0.07605213	0.284985	0.715015	0.2151268
3390	127.9162	-373.2502	501.1665	0.5815728	0.1578082	0.183686	0.816314	0.139203
3396	126.8413	-373.5737	500.4151	0.6756575	0.4670589	0.110322	0.889678	0.154589
3402	121.4898	-379.2176	500.7073	0.6374094	0.3247738	0.477385	0.522615	0.1494263
3408	127.019	-374.2656	501.2846	0.2718836	0.3290654	0.596872	0.403128	0.2107308
3414	126.1962	-374.5634	500.7596	0.79575	0.2675115	0.58052	0.41948	0.1669506
3420	119.2516	-381.3202	500.5718	0.2074542	0.6808909	0.152235	0.847765	0.1571863
3426	112.917	-388.6784	501.5954	0.1848211	0.1960096	0.334164	0.665836	0.1743238
3432	115.0781	-387.3047	502.3827	0.2458464	0.05378953	0.109586	0.890414	0.2997052
3438	122.4526	-379.2327	501.6852	0.1840562	0.2032139	0.424634	0.575366	0.2084974
3444	118.5746	-382.9177	501.4923	0.06483258	0.2155758	0.801575	0.198425	0.1371474
3450	110.553	-390.9101	501.4631	0.2872733	0.3350245	0.333144	0.666856	0.3270469
3456	121.2031	-380.3317	501.5348	0.2213894	0.2166827	0.160067	0.839933	0.184588
3462	125.7838	-376.0939	501.8777	0.06578838	0.1468764	0.534228	0.465772	0.175045
3468	114.0485	-386.835	500.8835	0.5378618	0.4571673	0.315934	0.684066	0.2623347
3474	121.7627	-379.1109	500.8736	0.262685	0.7284578	0.534763	0.465237	0.3545221
3480	108.4201	-393.1386	501.5587	0.3226972	0.1778674	0.0620564	0.937944	0.1870101
3486	114.1938	-386.2897	500.4835	1.205419	0.1330225	0.0911417	0.908858	0.1142772
3492	122.3793	-378.593	500.9724	0.5980552	0.3003208	0.0311376	0.968862	0.1934425
3498	110.3461	-390.7869	501.133	0.2791777	0.3757967	0.07656	0.92344	0.1949612
3504	105.0221	-396.7113	501.7334	0.2099979	0.1667194	0.0740586	0.925941	0.1949612
3510	95.56449	-403.894	499.4585	1.361687	0.401141	0.155836	0.844164	0.092332
3516	118.1274	-379.9744	498.1018	1.361687	1.05259	0.328036	0.671964	0.05185972
3522	124.891	-375.174	500.065	0.2277796	1.323503	0.531315	0.468685	0.2048584
3528	126.7447	-372.7592	499.5039	0.9844405	0.8311529	0.143194	0.856806	0.1353919
3534	117.7095	-382.7372	500.4467	0.6492151	0.5769814	0.518581	0.481419	0.2051598
3540	121.247	-380.0697	501.3167	0.6670092	0.1638118	0.595936	0.404064	0.2051598
3546	119.3971	-381.4899	500.8869	0.5025928	0.4348727	0.168882	0.831118	0.2279371
3552	125.1969	-375.4159	500.6128	0.5371761	0.7271173	0.219934	0.780066	0.3702956
3558	124.8097	-377.2857	502.0955	0.08846214	0.1840442	0.70909	0.29091	0.3784357
3564	110.4302	-391.2241	501.6542	0.08240377	0.3564711	0.128279	0.871721	0.3622464
3570	116.7354	-383.0608	499.7962	0.5395848	0.9239451	0.523735	0.476265	0.1264852
3576	123.8745	-376.1386	500.0131	0.665448	1.027326	0.253642	0.746358	0.2571396
3582	125.8395	-375.2434	501.0829	0.2867536	0.2975208	0.553313	0.446687	0.1418011
3588	120.489	-380.9041	501.3931	0.1766161	0.346126	0.298287	0.701713	0.2304617
3594	113.4121	-387.2832	500.6953	0.5426415	0.6361145	0.168734	0.831266	0.3317639
3600	115.4636	-385.2299	500.6935	0.4931016	0.6361145	0.168734	0.831266	0.2897807
3606	113.4733	-387.612	501.0854	0.3567265	0.5229473	0.47942	0.52058	0.3737092
3612	115.3335	-385.4504	500.7839	0.323661	0.464324	0.190118	0.809882	0.1573211
3618	113.0844	-387.478	500.5624	0.07975609	1.195009	0.0397923	0.960208	0.3454895
3624	121.8866	-379.1721	501.0588	0.5848114	0.2253416	0.160158	0.839842	0.1613143
3630	122.521	-378.5467	501.0677	0.5871113	0.2253416	0.391827	0.608173	0.1640295
3636	124.2203	-377.6216	501.8419	0.5320125	0.07204512	0.200937	0.799063	0.2140305
3642	123.3036	-378.1978	501.5014	0.5320125	0.1010476	0.130799	0.869201	0.1537228
3648	123.8763	-376.1086	499.9848	0.5633588	0.5165659	0.626882	0.373118	0.0849224
3654	126.6594	-374.5427	501.2022	0.4004457	0.3074797	0.51207	0.48793	0.209904
3660	125.0495	-373.8835	498.933	1.198229	1.68302	0.154406	0.845594	0.2469934
3666	115.3505	-385.0018	500.3523	1.026207	0.4383601	0.414029	0.585971	0.2260023
3672	127.1716	-374.1488	501.3203	0.4822819	0.23615	0.201384	0.798616	0.2183678
3678	113.929	-387.5643	501.4933	0.6001774	0.1435263	0.112482	0.887518	0.2197399
3684	110.781	-390.911	501.692	0.440491	0.1071397	0.40248	0.59752	0.1855644
3690	109.0624	-390.9132	499.9756	0.6327047	0.7393158	0.57971	0.42029	0.1372712
3696	124.6109	-375.7344	500.3453	0.5863868	0.7964827	0.128991	0.871009	0.2597887
3702	120.2193	-381.4127	501.6319	0.2068414	0.2568903	0.385523	0.614477	0.2597887
3708	126.0946	-374.502	500.5966	0.7755273	0.3333121	0.282681	0.717319	0.1597377
3714	115.9387	-384.0573	499.996	0.4180033	0.9289668	0.146546	0.853454	0.1417713
3720	113.3917	-387.1952	500.5869	0.4845964	0.6369376	0.371157	0.628843	0.2289432
3726	104.481	-395.3235	499.8045	0.5074046	1.587639	0.501524	0.498476	0.3219872
3732	112.3653	-387.4312	499.7965	0.5650155	1.587639	0.385039	0.614961	0.380098
3738	113.6716	-387.913	501.5846	0.6432787	0.1525479	0.41751	0.58249	0.3122081
3744	107.688	-390.9577	498.6457	1.184705	1.07909	0.2647	0.7353	0.08143904
3750	123.003	-378.3554	501.3584	0.4939822	0.1900469	0.164604	0.835396	0.1897647
3756	119.3618	-381.1024	500.4642	1.164214	0.1177967	0.220105	0.779895	0.09826714
3762	127.1801	-373.4555	500.6357	0.7869712	0.1967934	0.294821	0.705179	0.1067634
3768	122.852	-378.3065	501.1585	0.7869712	0.1060005	0.107221	0.892779	0.1397681
3774	125.4885	-373.842	499.3305	1.012133	0.9820076	0.28736	0.71264	0.1385732
3780	126.7167	-374.3551	501.0718	1.012133	0.09123396	0.618096	0.381904	0.1555653
3786	122.4601	-379.5907	502.0508	0.4316167	0.09123396	0.404871	0.595129	0.3255013
3792	110.9836	-389.8823	500.8659	0.6659263	0.4453189	0.13269	0.86731	0.3255013
3798	108.2507	-392.9954	501.2462	0.1483344	0.5357404	0.102745	0.897255	0.339884
3804	113.4088	-388.5351	501.9439	0.09326417	0.1901707	0.141597	0.858403	0.2659724
3810	116.8702	-385.179	502.0492	0.4888797	0.06979554	0.591532	0.408468	0.2911503
3816	117.1505	-384.3979	501.5484	0.1219776	0.2130252	0.0923987	0.907601	0.1594137
3822	131.9582	-368.8341	500.7923	0.8926631	0.2080124	0.0165979	0.983402	0.1594137
3828	125.1393	-375.2834	500.4228	0.8606193	0.3016613	0.635813	0.364187	0.1276823
3834	128.8369	-370.5278	499.3647	1.171503	0.5383885	0.510761	0.489239	0.08728752
3840	133.0839	-366.9734	500.0574	1.171503	0.2205909	0.279543	0.720457	0.09142969
3846	130.9513	-368.7088	499.6602	1.171503	0.3651185	0.318279	0.681721	0.08583312
3852	125.6875	-374.2346	499.9221	1.244754	0.3190758	0.0845758	0.915424	0.1153678
3858	125.6236	-373.6351	499.2587	1.204364	0.3045663	0.538325	0.461675	0.04828739
3864	114.7278	-385.5914	500.3192	1.204364	0.2159971	0.402168	0.597832	0.1312064
3870	127.1995	-371.6009	498.8004	1.269298	0.603555	0.423529	0.576471	0.05682592
3876	121.9321	-376.52	498.4521	1.269298	1.684837	0.599966	0.400034	0.1298691
3882	115.0276	-382.7261	497.7537	1.633212	1.684837	0.714611	0.285389	0.08496998
3888	121.5823	-378.2274	499.8097	1.029095	0.5151202	0.0912451	0.908755	0.1220306
3894	107.6811	-388.1557	495.8367	2.692751	0.5249887	0.197433	0.802567	0.00983967
3900	117.0699	-384.2729	501.3429	0.4286205	0.3262063	0.257153	0.742847	0.3288088
3906	120.2661	-379.9222	500.1883	1.186054	0.1788894	0.329581	0.670419	0.09377431
3912	108.7469	-391.3854	500.1323	1.186054	0.1788894	0.714869	0.285131	0.08757216
3918	114.8867	-385.4486	500.3353	1.10535	0.117923	0.127368	0.872632	0.07829303
3924	115.3942	-382.996	498.3902	1.118005	1.59771	0.61503	0.38497	0.09156315
3930	117.8805	-381.8734	499.7539	1.231116	0.3318421	0.211641	0.788359	0.09498682
3936	121.1373	-378.1029	499.2402	1.284188	0.3318421	0.412161	0.587839	0.05536013
3942	119.6546	-380.1675	499.8221	1.355345	0.1958923	0.413801	0.586199	0.07878486
3948	110.8913	-388.9882	499.8794	0.5206458	0.663622	0.329	0.671	0.09233768
3954	116.1518	-385.0828	501.2347	0.177216	0.3752595	0.503892	0.496108	0.1945478
3960	113.8759	-388.1306	502.0064	0.3947912	0.05630708	0.175338	0.824662	0.1968045
3966	107.8651	-393.2962	501.1613	0.5232031	0.3168737	0.257535	0.742465	0.2543577
3972	116.235	-385.3262	501.5612	0.5304007	0.09768631	0.116084	0.883916	0.1639395
3978	116.4121	-385.2694	501.6815	0.5561742	0.08925984	0.514037	0.485963	0.1943429
3984	109.1532	-392.6659	501.8191	0.3058385	0.1895461	0.452232	0.547768	0.3282831
3990	113.5427	-387.4696	501.0123	0.143683	0.689536	0.414898	0.585102	0.3226249
3996	110.5288	-391.9071	502.436	0.05373207	0.1012759	0.391075	0.608925	0.3879383
4002	112.8338	-388.9437	501.7775	0.01971957	0.3360134	0.263947	0.736053	0.3879383
4008	114.2001	-387.592	501.7922	0.1962287	0.236666	0.757651	0.242349	0.3276099
4014	115.1774	-385.1392	500.3166	0.4583294	1.050869	0.430413	0.569587	0.3461209
4020	102.3882	-399.4107	501.7989	0.3451286	0.208261	0.266963	0.733037	0.4680621
4026	113.3314	-387.2253	500.5567	0.7450086	0.2802318	0.628817	0.371183	0.1222538
4032	126.2587	-373.54	499.7988	1.092048	0.2565783	0.276512	0.723488	0.06863301
4038	126.8925	-374.3458	501.2384	0.6449614	0.2227508	0.434267	0.565733	0.2366261
4044	130.572	-370.0362	500.6082	0.8278129	0.3005704	0.564386	0.435614	0.1574572
4050	127.8832	-373.4982	501.3814	0.1466449	0.3523269	0.430713	0.569287	0.2188031
4056	118.6427	-381.8811	500.5238	0.4242499	0.8368518	0.223441	0.776559	0.2998937
4062	114.1833	-386.5347	500.718	0.3998438	0.5207026	0.188974	0.811026	0.1843804
4068	118.5258	-382.5161	501.0419	0.6385102	0.2439864	0.405381	0.594619	0.1843804
4074	118.3594	-383.3523	501.7117	0.3001636	0.2439864	0.327588	0.672412	0.3792263
4080	122.9052	-377.3641	500.2693	0.8410079	0.519151	0.379629	0.620371	0.1814738
4086	118.6904	-382.982	501.6724	0.5325682	0.154922	0.34549	0.65451	0.3005806
4092	118.7837	-381.92	500.7036	0.9682961	0.1200528	0.286691	0.713309	0.1049418
4098	116.0789	-384.4283	500.5072	0.9149381	0.207232	0.318677	0.681323	0.1110131
4104	108.98	-391.7564	500.7364	0.9149381	0.2120382	0.045428	0.954572	0.1544045
4110	117.8681	-383.8006	501.6686	0.1152959	0.2464452	0.108439	0.891561	0.2218259
4116	119.1198	-383.3052	502.425	0.1869692	0.0751538	0.0824233	0.917577	0.3987589
4122	117.8004	-383.4029	501.2033	0.5634995	0.2627909	0.120634	0.879366	0.2322818
4128	124.0063	-377.3746	501.3808	0.1404585	0.4123671	0.566892	0.433108	0.2728715
4134	116.9706	-384.3184	501.2891	0.3755352	0.3220221	0.310376	0.689624	0.250118
4140	120.4739	-380.8959	501.3698	0.3649661	0.3220221	0.736238	0.263762	0.2913663
4146	114.8472	-386.8994	501.7466	0.7214954	0.08489967	0.49662	0.50338	0.2913663
4152	116.8058	-385.962	502.7679	0.02424069	0.0274415	0.325693	0.674307	0.3331194
4158	124.7283	-376.554	501.2823	0.01101759	0.5798496	0.215361	0.784639	0.3088809
4164	112.1056	-389.4214	501.527	0.05986255	0.4354101	0.285631	0.714369	0.3672169
4170	99.75558	-400.842	500.5975	0.09931129	1.110486	0.326852	0.673148	0.3240043
4176	108.7938	-391.6851	500.479	0.06081214	1.110486	0.34493	0.65507	0.2289839
4182	112.9433	-388.6651	501.6083	0.03658952	0.3103306	0.166143	0.833857	0.2289839
4188	126.2784	-375.9138	502.1923	0.02237759	0.1447196	0.253292	0.746708	0.2823517
4194	123.7103	-378.4067	502.117	0.0276533	0.202235	0.113485	0.886515	0.4082327
4200	123.9879	-377.2489	501.2368	0.1674576	0.5594708	0.295483	0.704517	0.4082327
4206	115.8515	-385.2563	501.1078	0.09294164	0.7061536	0.293714	0.706286	0.4134676
4212	133.5607	-366.9223	500.483	0.3572986	0.7081773	0.402696	0.597304	0.1819523
4218	130.0432	-370.9043	500.9476	0.3699296	0.33025	0.38408	0.61592	0.1462342
4224	124.4579	-375.1045	499.5624	0.9423208	0.4243441	0.421338	0.578662	0.06687654
4230	127.1902	-373.878	501.0682	0.5074151	0.303147	0.604659	0.395341	0.1972044
4236	128.2096	-371.4458	499.6554	0.6505262	1.606975	0.415543	0.584457	0.3290737
4242	119.9857	-379.7966	499.7823	0.7651174	0.498131	0.477168	0.522832	0.08182284
4248	119.2871	-380.6797	499.9668	1.053282	0.4279643	0.196657	0.803343	0.1271632
4254	119.3134	-379.8398	499.1532	1.237743	0.5274561	0.529708	0.470292	0.07195406
4260	112.7907	-385.7008	498.4915	1.332961	1.532933	0.203156	0.796844	0.1294066
4266	120.4694	-378.2567	498.7261	1.135429	1.9081	0.299035	0.700965	0.1971059
4272	125.6238	-376.7001	502.3239	0.07562896	0.116959	0.262526	0.737474	0.3512246
4278	104.2212	-395.933	500.1542	0.6017946	0.7340834	0.355726	0.644274	0.1681401
4284	112.8589	-386.9512	499.8101	0.491314	1.643366	0.103435	0.896565	0.3509558
4290	113.4941	-388.6771	502.1712	0.2763585	0.1180209	0.0795002	0.9205	0.4597771
4296	114.9359	-385.3381	500.274	0.6134559	0.8639382	0.342129	0.657871	0.2792575
4302	117.358	-382.3479	499.7059	0.8470032	0.5109503	0.413232	0.586768	0.08447282
4308	113.6835	-386.9008	500.5843	0.8470032	0.2048329	0.326015	0.673985	0.1113188
4314	119.7948	-381.2059	501.0007	0.508533	0.1793869	0.298269	0.701731	0.1113188
4320	109.9159	-390.3509	500.2669	1.130186	0.2644179	0.552443	0.447557	0.1318079
4326	130.901	-368.4859	499.387	1.130186	0.6555415	0.433833	0.566167	0.1053862
4332	126.0775	-375.2987	501.3762	0.2768889	0.3249097	0.208257	0.791743	0.2475889
4338	118.8248	-382.5882	501.4131	0.1818249	0.313283	0.691555	0.308445	0.2119181
4344	130.816	-370.6504	501.4665	0.1828366	0.313283	0.533197	0.466803	0.2337501
4350	121.0305	-380.9409	501.9714	0.1190943	0.2234888	0.271074	0.728926	0.4260576
4356	124.1808	-378.4948	502.6757	0.1153965	0.03238048	0.653618	0.346382	0.3540797
4362	119.8516	-382.4493	502.3009	0.2586293	0.07355849	0.450269	0.549731	0.3222967
4368	122.4966	-379.1653	501.6619	0.18024	0.2613004	0.31707	0.68293	0.2679732
4374	115.636	-385.6373	501.2733	0.2839581	0.4086552	0.561535	0.438465	0.2916377
4380	120.495	-380.9422	501.4372	0.448604	0.2012185	0.423705	0.576295	0.2123528
4386	117.1645	-382.7582	499.9227	1.004615	0.7161588	0.163371	0.836629	0.2136738
4392	118.8627	-382.1576	501.0203	0.4018945	0.4041901	0.282822	0.717178	0.2180604
4398	112.3202	-388.1004	500.4206	0.2241373	0.9744289	0.41236	0.58764	0.2180604
4404	117.4941	-384.1961	501.6903	0.05416288	0.3494272	0.384682	0.615318	0.3535139
4410	119.0073	-382.8078	501.8152	0.01390544	0.2974341	0.101695	0.898305	0.3215106
4416	124.9602	-376.2974	501.2576	0.03147131	0.4712692	0.407396	0.592604	0.2137267
4422	107.8236	-392.5609	500.3846	0.03739339	1.035778	0.081543	0.918457	0.1677599
4428	111.4787	-390.1322	501.6109	0.006398624	0.384426	0.319062	0.680938	0.301146
4434	121.6749	-380.8241	502.499	0.00953706	0.09790918	0.321299	0.678701	0.3961085
4440	108.1454	-392.4232	500.5686	0.05159397	1.049419	0.153156	0.846844	0.2389871
4446	120.2227	-381.1438	501.3665	0.04695418	0.3694804	0.546093	0.453907	0.1913565
4452	112.4005	-389.1307	501.5312	0.4714237	0.2209219	0.346145	0.653855	0.3027043
4458	111.7533	-389.3495	501.1029	0.2332666	0.5233878	0.492616	0.507384	0.2774896
4464	122.8879	-377.9217	500.8097	0.8996341	0.1361569	0.119363	0.880637	0.1191439
4470	112.5233	-388.8097	501.3329	0.3081815	0.4157089	0.304405	0.695595	0.3959155
4476	107.6328	-394.3596	501.9924	0.156964	0.138909	0.801769	0.198231	0.2361514
4482	114.2925	-386.6147	500.9071	0.8996341	0.1220141	0.538885	0.461115	0.1262952
4488	113.4203	-386.8907	500.311	0.9580982	0.2491346	0.307614	0.692386	0.1058689
4494	124.301	-376.7839	501.0849	1.070837	0.06084572	0.106558	0.893442	0.1407756
4500	118.6074	-383.2604	501.8678	0.4621394	0.06084572	0.201877	0.798123	0.1819433
4506	122.8874	-379.3523	502.2397	0.4621394	0.05061654	0.352535	0.647465	0.3532736
4512	110.3145	-390.1998	500.5144	0.5323793	0.497445	0.477482	0.522518	0.1562957
4518	117.273	-383.8176	501.0905	0.2642453	0.497445	0.143655	0.856345	0.2635613
4524	106.3585	-394.6582	501.0167	0.792878	0.1716026	0.128532	0.871468	0.1623426
4530	108.7176	-392.2227	500.9403	0.792878	0.1197792	0.500818	0.499182	0.1133327
4536	105.1788	-397.07	502.2487	0.09891535	0.09829704	0.725583	0.274417	0.2544863
4542	113.8963	-385.9547	499.851	1.057693	0.5866299	0.259583	0.740417	0.1566238
4548	118.0807	-381.3126	499.3934	1.143581	0.6207235	0.0733024	0.926698	0.1016494
4554	124.8713	-374.9253	499.7966	1.143581	0.3095648	0.129306	0.870694	0.0846442
4560	121.0518	-379.359	500.4109	1.143581	0.1928006	0.569992	0.430008	0.1247438
4566	120.621	-378.7819	499.4029	0.8573804	0.9936052	0.702823	0.297177	0.1258771
4572	117.0821	-383.0662	500.1483	0.8573804	0.4519301	0.0784903	0.92151	0.1322235
4578	114.1375	-385.8694	500.0069	0.8573804	0.4441145	0.149752	0.850248	0.1077986
4584	109.404	-391.0191	500.4231	1.082397	0.4917548	0.292456	0.707544	0.394145
4590	112.3022	-388.6968	500.999	0.5178541	0.2881848	0.560404	0.439596	0.1700387
4596	113.2064	-387.7104	500.9168	0.6000967	0.2881848	0.252817	0.747183	0.1700387
4602	113.9331	-385.7432	499.6762	0.999863	0.6333168	0.486187	0.513813	0.1244709
4608	112.9166	-389.0265	501.9431	0.332933	0.07796791	0.224806	0.775194	0.1903119
4614	122.2879	-379.0307	501.3186	0.5874029	0.2107131	0.229877	0.770123	0.2315116
4620	121.9481	-379.2125	501.1606	1.010742	0.03694854	0.057349	0.942651	0.1224164
4626	124.2356	-377.6054	501.841	0.3153066	0.1835437	0.408438	0.591562	0.341067
4632	115.5956	-386.6323	502.2279	0.1371562	0.1300537	0.476821	0.523179	0.3721878
4638	119.845	-381.9361	501.781	0.1961684	0.1780383	0.495793	0.504207	0.2199283
4644	122.5586	-378.627	501.1855	0.5327946	0.2777262	0.179352	0.820648	0.2274645
4650	104.4515	-397.0485	501.4999	0.5649657	0.125004	0.321065	0.678935	0.186585
4656	96.96632	-405.1441	502.1104	0.2634839	0.1158133	0.409791	0.590209	0.3203996
4662	106.8824	-394.5891	501.4715	0.3344819	0.2951855	0.179516	0.820484	0.298379
4668	112.6332	-385.7487	498.3819	1.405591	1.277501	0.325727	0.674273	0.09567682
4674	124.2146	-375.3307	499.5454	0.9743601	0.7101639	0.168142	0.831858	0.1160345
4680	113.6259	-386.8106	500.4366	0.762815	0.3067021	0.147197	0.852803	0.1160345
4686	119.7668	-380.279	500.0458	0.974502	0.3067021	0.320565	0.679435	0.09256212
4692	124.1028	-376.6711	500.7739	1.074663	0.1662048	0.194116	0.805884	0.1675776
4698	128.218	-373.1118	501.3298	1.000543	0.04432237	0.368002	0.631998	0.1605831
4704	124.2335	-376.5611	500.7947	0.2489512	0.6317835	0.442958	0.557042	0.2149425
4710	123.2221	-378.6497	501.8718	0.5511728	0.1088308	0.363407	0.636593	0.3407405
4716	116.9188	-384.6293	501.5481	0.1858969	0.2784226	0.0578732	0.942127	0.2349289
4722	114.507	-387.4432	501.9502	0.08338101	0.2484634	0.06286	0.93714	0.4742599
4728	119.0472	-382.5914	501.6386	0.1742804	0.2620518	0.168817	0.831183	0.2531207
4734	107.1888	-393.4643	500.653	0.4256842	0.6364923	0.510129	0.489871	0.2317558
4740	114.7762	-386.1493	500.9255	0.511855	0.4559931	0.386381	0.613619	0.2702874
4746	115.6817	-385.5385	501.2202	0.1592024	0.498526	0.368471	0.631529	0.2792141
4752	113.4063	-388.4312	501.8375	0.2016898	0.227908	0.324491	0.675509	0.3567151
4758	103.8735	-396.9525	500.826	0.3395217	0.7052728	0.612866	0.387134	0.3540351
4764	112.1136	-387.3897	499.5033	1.040189	0.5601986	0.116608	0.883392	0.0917638
4770	108.2521	-393.4164	501.6685	0.3931479	0.2215397	0.310863	0.689137	0.3627192
4776	115.3856	-385.9965	501.3821	0.7497517	0.1645192	0.111227	0.888773	0.2733248
4782	114.2421	-387.1307	501.3728	0.6710047	0.1871285	0.422383	0.577617	0.2644307
4788	122.364	-377.9897	500.3537	0.2623036	0.9409729	0.0941904	0.90581	0.1957667
4794	121.3846	-379.4743	500.8589	0.7949	0.1726291	0.507938	0.492062	0.1309004
4800	119.4249	-381.4614	500.8862	0.7928309	0.1870036	0.581623	0.418377	0.1443452
4806	121.7321	-378.8929	500.625	0.5107657	0.5675436	0.52019	0.47981	0.2144253
4812	114.0692	-386.6371	500.7063	0.8158748	0.1850757	0.48147	0.51853	0.1158527
4818	118.3888	-383.0998	501.4886	0.5474731	0.05573797	0.62084	0.37916	0.1158527
4824	116.9091	-383.5524	500.4614	1.188983	0.1465151	0.62084	0.37916	0.1158527
4830	125.7151	-375.3652	501.0802	0.7312804	0.2219996	0.308601	0.691399	0.2072075
4836	117.7552	-383.3202	501.0754	0.7911506	0.1206178	0.0902392	0.909761	0.1359387
4842	121.5363	-379.7877	501.3241	0.7037667	0.1555867	0.205152	0.794848	0.210941
4848	125.5943	-375.7098	501.3041	0.5502194	0.1051472	0.375929	0.624071	0.1229424
4854	122.9391	-377.7301	500.6692	0.8334453	0.1786919	0.1319	0.8681	0.1100652
4860	126.0849	-374.5106	500.5955	1.035936	0.1345698	0.374782	0.625218	0.1069361
4866	124.2538	-377.2923	501.5461	0.6998566	0.07233107	0.169932	0.830068	0.1741236
4872	119.8468	-381.2992	501.1461	0.499415	0.2021934	0.480198	0.519802	0.1469245
4878	120.7284	-380.4113	501.1397	0.8908774	0.1180227	0.212195	0.787805	0.169589
4884	117.8911	-382.7985	500.6896	0.8621329	0.0951284	0.489557	0.510443	0.07987358
4890	118.9457	-381.2124	500.1581	1.173292	0.1394881	0.14334	0.85666	0.07578709
4896	120.2664	-380.0728	500.3392	1.173292	0.1178528	0.0943441	0.905656	0.08528759
4902	124.8731	-375.1677	500.0407	1.231519	0.2268121	0.0941522	0.905848	0.09855468
4908	116.6454	-383.7224	500.3678	0.7417007	0.563177	0.274854	0.725146	0.2026736
4914	121.1571	-380.3679	501.525	0.2703851	0.2340656	0.219822	0.780178	0.2134501
4920	120.1917	-381.4248	501.6165	0.358226	0.1712482	0.25105	0.74895	0.2107098
4926	122.0952	-378.7032	500.7984	0.6453391	0.3596625	0.327539	0.672461	0.1945498
4932	119.5535	-380.4412	499.9947	0.8379662	0.8536021	0.308301	0.691699	0.2430855
4938	120.9291	-379.9798	500.9089	0.4790372	0.3060755	0.279317	0.720683	0.1496374
4944	114.2906	-387.5939	501.8846	0.4693679	0.08489011	0.497028	0.502972	0.2298204
4950	113.0518	-388.921	501.9728	0.2526864	0.1177165	0.369226	0.630774	0.2342641
4956	123.4247	-377.9853	501.41	0.3062699	0.2296022	0.174855	0.825145	0.1834997
4962	123.0375	-377.17	500.2075	0.4307428	1.030513	0.478546	0.521454	0.2388481
4968	120.0984	-381.5001	501.5984	0.3450228	0.1777579	0.137147	0.862853	0.2070258
4974	111.5794	-389.6416	501.221	0.5444402	0.1638599	0.16327	0.83673	0.1467688
4980	98.27849	-401.9561	500.2346	1.335037	0.2797375	0.128729	0.871271	0.1787064
4986	114.1751	-385.9797	500.1548	0.6893834	0.4681644	0.155826	0.844174	0.1109196
4992	120.6803	-379.7317	500.4119	0.6893834	0.676087	0.188888	0.811112	0.2701908
4998	114.3837	-387.3956	501.7792	0.4567727	0.08323325	0.219872	0.780128	0.1855433
5004	113.1782	-388.6305	501.8087	0.1986069	0.1889606	0.0985582	0.901442	0.2482159
5010	125.7111	-374.7733	500.4845	0.8364344	0.3986398	0.208748	0.791252	0.1810461
5016	119.4355	-381.5533	500.9888	0.6086874	0.2717896	0.197475	0.802525	0.1810461
5022	120.1772	-380.8194	500.9966	0.6497054	0.2414914	0.632118	0.367882	0.1730383
5028	122.516	-378.5441	501.0601	0.9765057	0.1623413	0.122992	0.877008	0.2230972
5034	116.2127	-385.1337	501.3464	0.3612055	0.2777614	0.289556	0.710444	0.2230972
5040	108.2042	-392.5947	500.7988	0.931433	0.1990266	0.052493	0.947507	0.1638916
5046	109.2241	-392.2368	501.4609	0.3662069	0.1939623	0.378381	0.621619	0.1857574
5052	105.7525	-395.7431	501.4956	0.2652106	0.2266743	0.194192	0.805808	0.1945657
5058	118.8866	-382.4841	501.3706	0.3679026	0.3213454	0.206428	0.793572	0.2929708
5064	110.5385	-391.3514	501.8899	0.08639054	0.2703778	0.400435	0.599565	0.4641053
5070	124.6044	-377.2897	501.8941	0.09029685	0.2350347	0.161722	0.838278	0.3198938
5076	126.0725	-376.3202	502.3927	0.01562106	0.08409426	0.346399	0.653601	0.2535393
5082	126.166	-375.6419	501.8079	0.1963437	0.2165923	0.329119	0.670881	0.2948377
5088	125.2291	-376.6038	501.8329	0.4757196	0.07099414	0.631658	0.368342	0.190233
5094	123.1116	-379.0103	502.122	0.286382	0.06360635	0.060907	0.939093	0.2117141
5100	120.2116	-381.1524	501.3639	0.4110891	0.249157	0.322612	0.677388	0.2211273
5106	128.8733	-372.5417	501.415	0.4343885	0.2217648	0.215284	0.784716	0.2211273
5112	124.4964	-375.0408	499.5372	1.150969	0.599478	0.491462	0.508538	0.1186538
5118	119.8944	-381.0418	500.9362	0.7482894	0.327607	0.210258	0.789742	0.2673784
5124	121.3918	-379.5596	500.9514	0.6191029	0.266034	0.292312	0.707688	0.1698646
5130	120.3321	-380.6894	501.0215	0.6670105	0.266034	0.669903	0.330097	0.2050778
5136	115.0546	-384.952	500.0066	0.8127301	0.9266658	0.148363	0.851637	0.2792387
5142	117.0757	-383.8729	500.9485	0.07109193	0.7512954	0.542956	0.457044	0.2792387
5148	120.2394	-381.4926	501.732	0.3171507	0.1307206	0.308502	0.691498	0.1883703
5154	112.8142	-387.0143	499.8286	0.7388979	0.8031834	0.178118	0.821882	0.1444492
5160	115.9467	-385.1122	501.0589	0.8365592	0.1766538	0.320933	0.679067	0.1900759
5166	110.1916	-390.4749	500.6665	0.7823544	0.3062481	0.442714	0.557286	0.1636074
5172	115.4366	-385.6539	501.0905	0.4330613	0.2363909	0.0336908	0.966309	0.1418418
5178	124.6753	-376.28	500.9553	0.1671123	0.4718128	0.294318	0.705682	0.1639109
5184	119.2641	-381.6926	500.9567	0.1589841	0.6449182	0.165432	0.834568	0.2547764
5190	124.8155	-376.4606	501.2761	0.3181071	0.3151236	0.0939913	0.906009	0.2131886
5196	126.4915	-374.093	500.5846	0.5699679	0.6138897	0.272427	0.727573	0.2523327
5202	121.9065	-378.5261	500.4326	0.8903217	0.2388981	0.305146	0.694854	0.1095348
5208	117.3929	-383.3833	500.7763	0.4159768	0.3196432	0.272098	0.727902	0.1194533
5214	118.3609	-383.0566	501.4176	0.5836563	0.1423817	0.400151	0.599849	0.186868
5220	112.7044	-388.629	501.3334	0.4879146	0.1423817	0.588809	0.411191	0.1429855
5226	111.7244	-389.1465	500.8708	0.2322384	0.5558937	0.354022	0.645978	0.1968447
5232	115.1728	-386.5267	501.6995	0.11669	0.292283	0.17801	0.82199	0.3009002
5238	117.3466	-383.9324	501.2791	0.04722642	0.3379042	0.322669	0.677331	0.1516294
5244	129.4571	-371.8752	501.3323	0.09453625	0.4419316	0.0645314	0.935469	0.2509319
5250	126.705	-374.3541	501.0591	0.0107173	0.782959	0.23041	0.76959	0.355275
5256	125.8221	-376.1645	501.9866	0.02539443	0.2086005	0.156254	0.843746	0.2842846
5262	132.823	-369.4846	502.3077	0.1552439	0.07648259	0.226758	0.773242	0.2640302
5268	125.714	-375.5256	501.2396	0.06384175	0.4839353	0.467557	0.532443	0.2279542
5274	119.8941	-381.3401	501.2342	0.1373378	0.4681313	0.506418	0.493582	0.2464416
5280	107.7741	-393.6506	501.4247	0.3908997	0.308717	0.32547	0.67453	0.333555
5286	107.9848	-394.3306	502.3155	0.3851953	0.04162376	0.385921	0.614079	0.3084152
5292	116.5668	-385.6702	502.2369	0.3298836	0.08475854	0.785696	0.214304	0.3969565
5298	126.6006	-375.0878	501.6884	0.1492826	0.2636826	0.436198	0.563802	0.268893
5304	114.1949	-387.4948	501.6897	0.1656838	0.2681213	0.464822	0.535178	0.2869078
5310	116.8678	-384.4056	501.2735	0.9289615	0.1127386	0.427004	0.572996	0.2166497
5316	115.6894	-385.4251	501.1145	0.8002435	0.1020498	0.14839	0.85161	0.1310129
5322	115.6645	-384.792	500.4565	0.6707509	0.4015404	0.55502	0.44498	0.1375027
5328	118.8949	-382.5716	501.4665	0.5621418	0.08407442	0.635201	0.364799	0.1375027
5334	116.195	-385.4104	501.6055	0.2023615	0.1256394	0.293067	0.706933	0.128874
5340	116.6789	-384.8422	501.521	0.1962487	0.284423	0.270334	0.729666	0.233994
5346	119.0286	-383.1	502.1285	0.4077103	0.06840916	0.441058	0.558942	0.2853443
5352	120.1149	-380.9995	501.1143	0.3167175	0.3984934	0.514371	0.485629	0.2172334
5358	117.752	-383.8447	501.5967	0.08401787	0.2826643	0.348467	0.651533	0.2172334
5364	120.8669	-380.4984	501.3653	0.09211131	0.3849961	0.393383	0.606617	0.2172334
5370	120.353	-380.647	501	0.4302403	0.5290223	0.462594	0.537406	0.3705516
5376	121.7062	-378.9393	500.6455	0.5154698	0.3237174	0.366369	0.633631	0.1160374
5382	109.4888	-392.0508	501.5396	0.4003618	0.2179292	0.385214	0.614786	0.2576258
5388	106.8633	-395.1065	501.9698	0.06840827	0.1849295	0.550902	0.449098	0.2576258
5394	115.6054	-386.0365	501.642	0.2316964	0.2309544	0.222654	0.777346	0.2426595
5400	105.5027	-395.3941	500.8969	0.2148538	0.7780703	0.0718648	0.928135	0.4152149
5406	111.19	-391.3895	502.5795	0.02059088	0.03902289	0.453224	0.546776	0.240316
5412	111.1067	-389.6381	500.7448	0.6944406	0.3358211	0.2956	0.7044	0.1782199
5418	106.9396	-394.7411	501.6807	0.4008873	0.09672592	0.0897847	0.910215	0.1605491
5424	117.5949	-380.5376	498.1325	1.609607	0.3372874	0.398342	0.601658	0.0240657
5430	116.2997	-382.5781	498.8778	1.609607	0.2033983	0.714076	0.285924	0.03718665
5436	118.1727	-380.579	498.7517	1.679603	0.2033983	0.324548	0.675452	0.03500587
5442	117.1441	-381.2414	498.3855	1.679603	0.4498461	0.397563	0.602437	0.0430279
5448	123.3296	-375.2463	498.576	1.435527	0.7526742	0.354812	0.645188	0.0667289
5454	125.3602	-374.6947	500.0549	1.435527	0.07470411	0.333672	0.666328	0.0667289
5460	128.6614	-371.6151	500.2765	1.099542	0.1743859	0.257436	0.742564	0.09231581
5466	115.8539	-385.3383	501.1922	0.6062155	0.2777755	0.257436	0.742564	0.2664678
5472	124.6894	-377.3641	502.0535	0.4056781	0.09898832	0.143009	0.856991	0.33567
5478	127.7757	-373.1934	500.9691	0.3232177	0.4858577	0.325962	0.674038	0.2247003
5484	122.4881	-379.8694	502.3575	0.1000354	0.09601259	0.264418	0.735582	0.321822
5490	128.1023	-374.1228	502.2251	0.3776225	0.04890244	0.264418	0.735582	0.2668721
5496	129.4839	-372.1446	501.6285	0.1432969	0.3271792	0.354527	0.645473	0.3311505
5502	127.273	-374.2745	501.5475	0.6345075	0.1365483	0.141413	0.858587	0.2473855
5508	116.8645	-383.2093	500.0738	0.6345075	0.737881	0.268416	0.731584	0.1577633
5514	122.1905	-378.7354	500.9259	0.3924817	0.5223107	0.256368	0.743632	0.2659046
5520	117.4645	-383.0674	500.5319	0.2658758	0.6613967	0.499271	0.500729	0.1554544
5526	109.2712	-390.6025	499.8737	0.7622913	0.9828123	0.199622	0.800378	0.2179853
5532	114.5966	-385.6371	500.2337	0.7673538	0.6685632	0.465914	0.534086	0.2179669
5538	116.4011	-384.7983	501.1993	0.3897434	0.2548227	0.430907	0.569093	0.1673119
5544	114.7299	-386.5525	501.2824	0.2082299	0.3956002	0.491847	0.508153	0.2399233
5550	106.3763	-394.7804	501.1567	0.08261939	0.4573748	0.219982	0.780018	0.1888688
5556	104.7248	-397.3529	502.0776	0.108972	0.1942509	0.193227	0.806773	0.4754154
5562	117.1669	-384.2553	501.4223	0.3428987	0.3332832	0.321802	0.678198	0.3379747
5568	116.4095	-384.7306	501.1401	0.5127417	0.3915563	0.238247	0.761753	0.3464528
5574	123.1578	-378.2276	501.3854	0.5127417	0.1081265	0.340821	0.659179	0.1325597
5580	125.8642	-375.2181	501.0823	0.6974153	0.1081811	0.0739373	0.926063	0.1133381
5586	119.5567	-379.9911	499.5478	1.152308	0.3388815	0.130125	0.869875	0.06883742
5592	120.5823	-379.9392	500.5216	1.152308	0.06220008	0.015781	0.984219	0.07705661
5598	123.6062	-377.5	501.1062	0.9113316	0.06081787	0.499728	0.500272	0.1168722
5604	121.0898	-380.6119	501.7017	0.3263096	0.1229894	0.108956	0.891044	0.1739951
5610	116.8665	-385.0537	501.9203	0.1666879	0.1685415	0.697945	0.302055	0.2556034
5616	119.6729	-382.2127	501.8856	0.2157439	0.155691	0.330745	0.669255	0.2413611
5622	129.4105	-372.4222	501.8326	0.07158469	0.2190105	0.294829	0.705171	0.2413611
5628	119.9404	-379.7408	499.6811	0.554341	1.249476	0.380167	0.619833	0.1695675
5634	117.258	-381.4312	498.6892	1.420994	0.340174	0.580082	0.419918	0.03582388
5640	119.3738	-380.5858	499.9596	0.9523943	0.2246186	0.640048	0.359952	0.06372318
5646	118.7828	-381.3528	500.1356	1.185727	0.2246186	0.0579836	0.942016	0.104006
5652	116.7796	-383.0107	499.7903	1.106293	0.2561658	0.664388	0.335612	0.06901451
5658	123.7183	-378.2446	501.9629	0.2812029	0.1143749	0.631476	0.368524	0.2366372
5664	115.1503	-386.2421	501.3924	0.8700422	0.07839303	0.858313	0.141687	0.1867867
5670	121.4696	-379.9558	501.4254	0.3354258	0.2832237	0.017583	0.982417	0.2532931
5676	126.9327	-374.2535	501.1862	0.5436655	0.2558588	0.434268	0.565732	0.2105858
5682	112.6445	-389.3183	501.9627	0.04412339	0.1155809	0.515763	0.484237	0.1613299
5688	111.8933	-389.0622	500.9554	0.3101235	0.4577004	0.262278	0.737722	0.1972846
5694	120.3018	-380.6665	500.9683	0.5876074	0.3104963	0.204729	0.795271	0.1962896
5700	110.1859	-389.9653	500.1512	0.4213713	0.7845363	0.850519	0.149481	0.1410375
5706	107.0537	-394.0912	501.1449	0.2637673	0.5570632	0.434566	0.565434	0.4099477
5712	110.6674	-390.0438	500.7112	0.7704309	0.2817842	0.479771	0.520229	0.1576874
5718	108.6882	-391.2717	499.9598	0.6363062	1.10411	0.274677	0.725323	0.2523502
5724	116.06	-386.2253	502.2853	0.2874572	0.01936278	0.191684	0.808316	0.2015371
5730	119.3538	-382.5441	501.8979	0.1694478	0.1933318	0.528472	0.471528	0.2909931
5736	119.8286	-380.8728	500.7014	0.5450741	0.3822696	0.622534	0.377466	0.1542769
5742	123.5184	-377.7165	501.2348	0.5450741	0.209912	0.248477	0.751523	0.1858247
5748	125.2476	-375.5574	500.805	0.4296179	0.5463711	0.657239	0.342761	0.242286
5754	127.2147	-374.1857	501.4004	0.5072377	0.244332	0.189445	0.810555	0.2810363
5760	129.2477	-371.7154	500.9631	0.4115624	0.3888005	0.09018	0.90982	0.1913078
5766	124.2612	-377.2531	501.5143	0.6689602	0.1239798	0.578698	0.421302	0.2266713
5772	117.006	-384.3262	501.3322	0.8102878	0.0779643	0.26698	0.73302	0.1552418
5778	118.6119	-382.0658	500.6777	0.6888372	0.1791333	0.26477	0.73523	0.0929636
5784	112.3879	-389.4722	501.86	0.2311823	0.2135765	0.130596	0.869404	0.3722832
5790	118.3377	-383.4324	501.7701	0.2311823	0.1619706	0.155395	0.844605	0.2091953
5796	111.4356	-388.712	500.1476	0.9470696	0.1860774	0.196886	0.803114	0.06901628
5802	110.1993	-391.2572	501.4565	0.4973239	0.1348679	0.188444	0.811556	0.1664557
5808	121.9583	-378.6806	500.6389	0.7980308	0.3815378	0.303964	0.696036	0.2071623
5814	126.5418	-374.1127	500.6545	0.7440799	0.3815378	0.121961	0.878039	0.1942975
5820	121.6551	-379.6252	501.2802	0.7497373	0.1654753	0.0782767	0.921723	0.2246663
5826	126.1906	-374.8608	501.0515	0.567115	0.2794922	0.0782767	0.921723	0.192986
5832	128.3046	-373.1536	501.4582	0.4067454	0.2794922	0.561267	0.438733	0.3153593
5838	107.7597	-394.3766	502.1363	0.09205342	0.1747905	0.271619	0.728381	0.4056872
5844	111.8841	-388.962	500.8461	0.5540526	0.4311929	0.363342	0.636658	0.2295968
5850	115.5353	-384.0489	499.5842	0.9422075	0.9780084	0.543733	0.456267	0.1802873
5856	119.4127	-381.4746	500.8872	0.7365673	0.1401658	0.564183	0.435817	0.1087043
5862	116.8023	-383.8146	500.617	0.6808766	0.4543442	0.523902	0.476098	0.2062028
5868	121.054	-379.4865	500.5405	0.7357167	0.4543442	0.308873	0.691127	0.1988497
5874	117.0421	-383.5126	500.5547	0.3351867	0.7537182	0.533514	0.466486	0.2173665
5880	122.3268	-377.6912	500.018	0.8468947	0.8537445	0.353405	0.646595	0.2594147
5886	120.4223	-380.7005	501.1229	0.461445	0.3471441	0.271465	0.728535	0.2378546
5892	119.3672	-382.3401	501.7074	0.1787271	0.2517871	0.224939	0.775061	0.2797541
5898	114.8591	-383.6152	498.4743	1.521343	0.6119569	0.288827	0.711173	0.05300676
5904	120.3219	-379.4352	499.757	1.391738	0.1574159	0.378029	0.621971	0.06594344
5910	117.7648	-382.046	499.8108	1.317247	0.1635427	0.197787	0.802213	0.06594344
5916	108.4416	-392.8108	501.2524	0.6256573	0.1635427	0.461433	0.538567	0.1729037
5922	109.9452	-390.3577	500.3029	0.911678	0.1990065	0.146803	0.853197	0.08327916
5928	118.417	-379.9184	498.3353	1.31834	1.924604	0.404584	0.595416	0.1460171
5934	120.4988	-381.0909	501.5897	0.6015296	0.1417874	0.297678	0.702322	0.2620978
5940	116.95	-384.6163	501.5663	0.6187165	0.06320104	0.41301	0.58699	0.1491101
5946	122.8197	-376.8753	499.695	0.8670699	0.9062646	0.159677	0.840323	0.1696847
5952	116.038	-383.4382	499.4761	0.9575568	0.9466806	0.592317	0.407683	0.1496501
5958	121.4026	-378.5375	499.9401	0.9575568	0.5728109	0.197474	0.802526	0.1496501
5964	116.2059	-384.2901	500.4959	0.6285432	0.357702	0.260446	0.739554	0.1217157
5970	121.0475	-380.4201	501.4676	0.2409236	0.2794318	0.260446	0.739554	0.2251581
5976	122.4598	-379.483	501.9428	0.5499035	0.07599298	0.576155	0.423845	0.2804275
5982	116.7685	-383.5684	500.3369	0.5216102	0.8176636	0.0695952	0.930405	0.2360826
5988	117.4072	-383.1274	500.5346	0.305322	0.6398156	0.460887	0.539113	0.1583308
5994	122.561	-377.7608	500.3218	0.8029726	0.448132	0.539235	0.460765	0.1547594
6000	115.4341	-385.653	501.0871	0.5788798	0.3399535	0.532431	0.467569	0.2722849
6006	111.1585	-390.5431	501.7016	0.2854731	0.2181211	0.694372	0.305628	0.2859817
6012	105.8697	-394.0482	499.9178	0.7190147	1.022818	0.479491	0.520509	0.234831
6018	111.3504	-387.7077	499.0581	0.6717601	1.666973	0.0411174	0.958883	0.1292524
6024	115.3593	-386.5335	501.8928	0.117931	0.2316257	0.282473	0.717527	0.3360983
6030	121.3023	-380.1833	501.4856	0.6549843	0.1289931	0.327659	0.672341	0.2172681
6036	110.1564	-391.1312	501.2876	0.4610474	0.2613766	0.0776232	0.922377	0.2231713
6042	111.8727	-389.13	501.0027	0.1337628	0.7506331	0.410504	0.589496	0.3964518
6048	127.7111	-374.278	501.9891	0.3003817	0.1106105	0.69133	0.30867	0.2510056
6054	125.0928	-376.4418	501.5346	0.1940202	0.2411811	0.130975	0.869025	0.1969397
6060	127.4343	-373.5367	500.971	0.2957792	0.4188608	0.295039	0.704961	0.176676
6066	132.9421	-369.0744	502.0165	0.3248281	0.1132888	0.295039	0.704961	0.2874372
6072	118.3051	-383.2938	501.5989	0.1221434	0.3675879	0.34821	0.65179	0.372407
6078	120.9581	-380.5699	501.528	0.5051453	0.1863628	0.400233	0.599767	0.2572932
6084	108.9755	-391.1855	500.161	1.219097	0.2010907	0.15598	0.84402	0.1028349
6090	120.7986	-380.2762	501.0749	0.2531782	0.4911089	0.261696	0.738304	0.2443354
6096	124.8145	-377.2565	502.071	0.3239518	0.08172195	0.261696	0.738304	0.2416958
6102	120.8819	-379.7926	500.6745	0.8599316	0.2148122	0.345923	0.654077	0.1325451
6108	121.3461	-379.7923	501.1385	0.6131833	0.2042933	0.589996	0.410004	0.1733138
6114	123.6983	-377.6109	501.3092	0.2969663	0.2571937	0.228151	0.771849	0.1733138
6120	116.1539	-385.6502	501.8041	0.6095274	0.05028871	0.187963	0.812037	0.1911866
6126	117.737	-383.952	501.689	0.4711284	0.1099274	0.400161	0.599839	0.1976691
6132	121.4549	-380.0857	501.5406	0.5673437	0.1406939	0.244085	0.755915	0.2214539
6138	117.198	-384.2815	501.4795	0.132064	0.4221015	0.0631377	0.936862	0.3675571
6144	122.5318	-378.5223	501.0542	0.7165176	0.2753185	0.32426	0.67574	0.2485614
6150	123.8536	-378.0896	501.9432	0.5043051	0.09984798	0.0497261	0.950274	0.3277247
6156	115.455	-385.3499	500.8049	0.2032674	0.8121434	0.21703	0.78297	0.3262801
6162	112.1391	-389.8156	501.9546	0.132599	0.173461	0.217947	0.782053	0.2644597
6168	125.1798	-376.0965	501.2763	0.291434	0.2958352	0.208643	0.791357	0.1893651
6174	120.1924	-380.9843	501.1767	0.7519825	0.09346391	0.37256	0.62744	0.1270468
6180	113.4353	-387.04	500.4754	0.542558	0.5593868	0.573567	0.426433	0.17343
6186	119.7588	-381.4582	501.217	0.621572	0.1739407	0.253633	0.746367	0.1715211
6192	131.4559	-369.6271	501.083	0.5387004	0.2486072	0.513432	0.486568	0.1715211
6198	118.9837	-382.8006	501.7843	0.2449504	0.1644262	0.153631	0.846369	0.2229389
6204	115.0774	-386.8452	501.9225	0.2342375	0.1644262	0.233233	0.766767	0.2891022
6210	119.8035	-381.7084	501.5119	0.1994481	0.1849825	0.104077	0.895923	0.1497612
6216	121.8951	-379.2211	501.1162	0.4025123	0.2964567	0.131625	0.868375	0.1756918
6222	128.4176	-372.4917	500.9092	0.2268105	0.4908034	0.516401	0.483599	0.1756918
6228	123.005	-379.3657	502.3708	0.04129277	0.08983671	0.31102	0.68898	0.2696865
6234	131.6098	-370.7971	502.407	0.01043064	0.0922111	0.360623	0.639377	0.279291
6240	121.2256	-380.6057	501.8312	0.02971237	0.2586803	0.241806	0.758194	0.2751638
6246	123.1959	-378.2602	501.4561	0.4639351	0.1873767	0.184117	0.815883	0.2094935
6252	119.9776	-381.6514	501.629	0.4639351	0.1875857	0.214346	0.785654	0.2966062
6258	121.7186	-379.0362	500.7548	0.4639351	0.4444478	0.0675464	0.932454	0.1763475
6264	119.9033	-381.3534	501.2567	0.3924094	0.2450511	0.0703648	0.929635	0.1763475
6270	121.6798	-378.8248	500.5047	0.7707828	0.495919	0.0444391	0.955561	0.2246732
6276	119.8321	-380.6776	500.5097	0.6549928	0.2993172	0.047253	0.952747	0.108535
6282	123.7569	-375.8025	499.5594	0.6549928	1.05133	0.247454	0.752546	0.1277378
6288	124.0759	-376.3424	500.4183	0.7806791	0.2771277	0.114108	0.885892	0.1059812
6294	132.4048	-369.6547	502.0595	0.4230231	0.06742215	0.266333	0.733667	0.2515634
6300	122.8859	-379.3397	502.2256	0.1435809	0.1221289	0.51298	0.48702	0.339985
6306	113.1561	-389.1137	502.2699	0.1162322	0.09792222	0.763126	0.236874	0.2752101
6312	118.0774	-383.1019	501.1792	0.2168182	0.4364276	0.254382	0.745618	0.2319349
6318	120.1423	-381.396	501.5383	0.1696192	0.3400143	0.332514	0.667486	0.3004137
6324	120.2113	-379.7842	499.9955	0.7459164	0.6938939	0.488626	0.511374	0.1525408
6330	125.3119	-375.8299	501.1419	0.5116202	0.2223175	0.0352623	0.964738	0.1616584
6336	123.0399	-377.7069	500.7468	0.7707153	0.1391494	0.111533	0.888467	0.09469493
6342	119.3438	-381.3861	500.7298	0.6519669	0.1790506	0.734218	0.265782	0.09469493
6348	119.674	-381.3112	500.9853	0.6519669	0.3066942	0.224952	0.775048	0.222402
6354	112.8132	-387.7165	500.5297	1.134827	0.1404346	0.426462	0.573538	0.1147013
6360	107.1459	-394.2363	501.3822	0.1794187	0.412048	0.261523	0.738477	0.2994229
6366	111.7695	-390.2514	502.0208	0.05759784	0.1859376	0.402093	0.597907	0.2831029
6372	123.7005	-378.0336	501.7341	0.3442343	0.1208359	0.119751	0.880249	0.1857915
6378	125.8271	-375.6947	501.5218	0.2118701	0.2543811	0.490003	0.509997	0.2105689
6384	122.8875	-378.9165	501.804	0.1992125	0.1715103	0.336475	0.663525	0.2218693
6390	117.7159	-383.5646	501.2805	0.2399816	0.3209512	0.476572	0.523428	0.1925261
6396	118.636	-382.386	501.022	0.06494108	0.6266486	0.59062	0.40938	0.2293906
6402	132.5978	-369.0424	501.6402	0.04016747	0.3561626	0.30374	0.69626	0.3054692
6408	133.8301	-367.6193	501.4494	0.1515103	0.3393457	0.141778	0.858222	0.2378318
6414	135.3156	-365.4175	500.7332	0.5802347	0.4915102	0.156311	0.843689	0.2378318
6420	134.9086	-367.0503	501.9589	0.4261619	0.05261134	0.313326	0.686674	0.18605
6426	132.6237	-368.5282	501.1519	0.9132317	0.03357235	0.232668	0.767332	0.1045738
6432	125.0476	-375.6678	500.7154	0.9604728	0.1940377	0.594589	0.405411	0.1481618
6438	121.8804	-376.9046	498.785	1.323412	1.2951	0.338244	0.661756	0.1488161
6444	115.8768	-385.1096	500.9864	0.7288439	0.1823287	0.430801	0.569199	0.1488161
6450	104.4744	-396.8954	501.3698	0.5878463	0.1244982	0.600781	0.399219	0.157983
6456	120.3309	-380.587	500.9179	0.424279	0.374739	0.209942	0.790058	0.1739391
6462	119.4617	-380.8079	500.2696	0.5171655	0.8373411	0.349534	0.650466	0.2158529
6468	115.3388	-385.3752	500.714	0.5664172	0.5682012	0.0975328	0.902467	0.2865571
6474	116.3434	-382.9419	499.2853	0.7725058	1.906485	0.121334	0.878666	0.2865571
6480	112.0537	-387.1861	499.2398	0.7790936	1.785443	0.264652	0.735348	0.2267045
6486	109.5265	-388.693	498.2195	1.368494	1.019986	0.322011	0.677989	0.05754992
6492	109.8625	-388.6592	498.5218	1.353411	1.019986	0.133515	0.866485	0.08026027
6498	114.8855	-384.6603	499.5458	1.491438	0.2402526	0.190919	0.809081	0.07748199
6504	117.2303	-383.2308	500.4611	0.5880555	0.2358135	0.486151	0.513849	0.07748199
6510	122.7475	-377.6845	500.432	1.187823	0.1221707	0.246994	0.753006	0.09932354
6516	121.5879	-378.3064	499.8943	1.187823	0.3570273	0.435119	0.564881	0.1149416
6522	116.613	-385.159	501.7721	0.446379	0.1283005	0.101937	0.898063	0.2501826
6528	125.9224	-375.9855	501.9078	0.2835581	0.1821513	0.183084	0.816916	0.3808206
6534	110.1215	-391.347	501.4686	0.823561	0.1223601	0.641082	0.358918	0.2787027
6540	107.3319	-395.0346	502.3665	0.1229028	0.07878401	0.494376	0.505624	0.2867796
6546	111.4349	-389.9225	501.3574	0.294035	0.3608289	0.21682	0.78318	0.2912591
6552	109.5911	-392.0004	501.5915	0.5780466	0.08479275	0.564953	0.435047	0.1692316
6558	120.2058	-381.812	502.0178	0.4068113	0.0850496	0.611289	0.388711	0.264628
6564	121.8495	-378.7323	500.5818	0.3332846	0.8399009	0.372144	0.627856	0.2796087
6570	128.6042	-373.4414	502.0456	0.189608	0.1539649	0.20099	0.79901	0.322858
6576	120.0982	-379.0691	499.1674	0.8555421	1.807641	0.20099	0.79901	0.2345054
6582	121.0415	-380.9284	501.97	0.07857164	0.173486	0.193554	0.806446	0.2444743
6588	120.0614	-381.0005	501.0618	0.3240148	0.3740415	0.621066	0.378934	0.1857912
6594	121.7785	-378.2928	500.0713	0.5022086	1.206515	0.355735	0.644265	0.2938282
6600	131.3144	-368.2985	499.613	0.6608752	1.206515	0.250581	0.749419	0.1699745
6606	117.9625	-382.9413	500.9038	0.4938776	0.4721565	0.557724	0.442276	0.263664
6612	120.7265	-378.1754	498.9018	0.9813908	1.894885	0.289004	0.710996	0.20163
6618	120.0912	-381.9513	502.0425	0.4262303	0.09071205	0.184778	0.815222	0.311487
6624	119.7542	-380.9134	500.6676	0.7662175	0.3871641	0.250457	0.749543	0.2100175
6630	113.808	-387.8343	501.6424	0.5737244	0.1413986	0.807657	0.192343	0.2757279
6636	120.0604	-380.3741	500.4344	0.7240037	0.4684964	0.303955	0.696045	0.1715541
6642	118.591	-382.7861	501.377	0.68341	0.1215279	0.303955	0.696045	0.1813675
6648	115.2283	-384.156	499.3843	0.9970048	0.6368941	0.40738	0.59262	0.08631166
6654	121.501	-379.3497	500.8508	0.9970048	0.07420441	0.538206	0.461794	0.1021521
6660	117.8324	-383.1297	500.962	0.8126202	0.2802601	0.0891593	0.910841	0.2567531
6666	115.8724	-384.815	500.6874	0.8126202	0.2802601	0.337001	0.662999	0.1611353
6672	115.0331	-384.8971	499.9301	0.8629951	0.5138497	0.392759	0.607241	0.1146289
6678	109.6263	-390.8155	500.4419	0.6800518	0.3372662	0.315404	0.684596	0.1146289
6684	119.633	-380.7499	500.3829	0.6003149	0.8896268	0.189402	0.810598	0.4135984
6690	117.5443	-382.7522	500.2965	0.7171676	0.5927699	0.583536	0.416464	0.1862631
6696	109.3363	-391.7042	501.0405	0.1697169	0.6285519	0.343718	0.656282	0.2990941
6702	117.0462	-383.8132	500.8594	0.5632789	0.4158411	0.397056	0.602944	0.2271003
6708	112.8154	-388.3684	501.1838	0.7241277	0.1518792	0.465647	0.534353	0.1703089
6714	117.0294	-382.94	499.9694	0.507529	1.075816	0.333347	0.666653	0.1941762
6720	117.973	-381.5094	499.4823	1.047708	0.633767	0.26021	0.73979	0.103124
6726	120.348	-379.3825	499.7306	1.335229	0.2286323	0.26021	0.73979	0.07720573
6732	127.3447	-374.0404	501.3851	0.4440348	0.2424097	0.414209	0.585791	0.2364022
6738	121.3135	-379.2076	500.5211	0.6837886	0.3580956	0.704548	0.295452	0.135786
6744	123.8499	-374.9528	498.8028	1.280205	0.7541963	0.534709	0.465291	0.07266751
6750	116.5304	-382.9443	499.4747	1.280205	0.2623814	0.345784	0.654216	0.05973598
6756	119.6133	-380.5874	500.2007	0.9404537	0.2867689	0.240196	0.759804	0.1014714
6762	113.3538	-386.6937	500.0475	0.7815244	0.5454147	0.039848	0.960152	0.1284233
6768	116.8874	-383.4198	500.3072	0.5846773	0.7947604	0.039848	0.960152	0.2389925
6774	114.3951	-386.4909	500.886	0.2694778	0.5777268	0.0916306	0.908369	0.2283395
6780	127.0677	-374.4966	501.5643	0.08084662	0.3536592	0.364777	0.635223	0.2772908
6786	122.7479	-378.5081	501.256	0.1780088	0.4175062	0.679376	0.320624	0.2332641
6792	122.1189	-379.562	501.6809	0.08069972	0.2648392	0.61078	0.38922	0.2322546
6798	115.6767	-385.9898	501.6664	0.01214823	0.4074011	0.32804	0.67196	0.4595066
6804	117.6511	-384.812	502.4631	0.01016157	0.09377774	0.53087	0.46913	0.3274311
6810	130.1046	-372.3415	502.4461	0.009182322	0.1040044	0.53087	0.46913	0.3548344
6816	116.9	-384.0525	500.9524	0.3176667	0.5997978	0.53087	0.46913	0.3139451
6822	107.5791	-394.0386	501.6177	0.3176667	0.2854424	0.515204	0.484796	0.4440785
6828	106.5663	-394.7534	501.3197	0.5585875	0.2857933	0.58195	0.41805	0.34287
6834	107.2754	-394.8585	502.1339	0.08091328	0.1708824	0.318645	0.681355	0.3624531
6840	118.5908	-382.3372	500.928	0.1318158	0.7417891	0.265691	0.734309	0.2986717
6846	122.0033	-379.4543	501.4576	0.3110198	0.3114884	0.113078	0.886922	0.2986717
6852	118.2144	-383.6013	501.8157	0.2347942	0.2081362	0.0806883	0.919312	0.3116477
6858	115.2514	-386.8168	502.0682	0.1865088	0.1331769	0.499973	0.500027	0.2810273
6864	119.9042	-382.0086	501.9128	0.3080365	0.1305498	0.0861682	0.913832	0.2557547
6870	121.9667	-379.6617	501.6284	0.7545808	0.02593412	0.123155	0.876845	0.1537443
6876	121.0773	-379.5369	500.6143	0.8253534	0.3027743	0.224228	0.775772	0.1594934
6882	122.8334	-378.0836	500.917	0.5160362	0.530653	0.463854	0.536146	0.3786805
6888	123.3699	-378.856	502.2259	0.1573481	0.1073456	0.543534	0.456466	0.3000261
6894	119.2552	-382.4372	501.6924	0.04081955	0.232439	0.215113	0.784887	0.1908954
6900	120.8065	-381.6679	502.4744	0.06009353	0.08317073	0.29563	0.70437	0.341564
6906	109.1259	-392.3003	501.4263	0.1160402	0.4484206	0.126695	0.873305	0.341564
6912	111.8694	-388.9433	500.8128	1.024357	0.1775008	0.472469	0.527531	0.1741554
6918	112.3252	-389.2145	501.5398	0.3966071	0.2164315	0.334255	0.665745	0.2535282
6924	123.2134	-377.9345	501.1479	0.6317991	0.2254488	0.196393	0.803607	0.1996038
6930	121.7047	-379.4561	501.1608	0.3757176	0.3463657	0.0148638	0.985136	0.2172185
6936	117.7786	-383.2943	501.0729	0.3264399	0.3984408	0.240774	0.759226	0.2055884
6942	125.1222	-376.4718	501.594	0.5287033	0.1400388	0.285274	0.714726	0.2264536
6948	120.9083	-378.9652	499.8735	1.422475	0.1470078	0.31236	0.68764	0.07504063
6954	120.8645	-380.1219	500.9863	0.6018174	0.3012736	0.525492	0.474508	0.1999159
6960	114.9022	-386.0328	500.9351	0.4041759	0.3173922	0.585428	0.414572	0.1448451
6966	116.6902	-385.3219	502.0121	0.1164091	0.1640292	0.255254	0.744746	0.2703522
6972	121.7613	-380.0005	501.7618	0.3686294	0.1292904	0.250934	0.749066	0.2138603
6978	118.0936	-382.8499	500.9435	0.4319194	0.4411185	0.0170462	0.982954	0.2268022
6984	107.4262	-393.8457	501.2719	0.583932	0.2360406	0.498725	0.501275	0.2407884
6990	121.2769	-379.0495	500.3264	0.4828483	0.4591744	0.617824	0.382176	0.1039994
6996	116.4779	-385.1478	501.6257	0.1560136	0.2543824	0.422593	0.577407	0.2294568
7002	120.9389	-380.8615	501.8004	0.4484964	0.1314356	0.103603	0.896397	0.2733623
7008	120.5608	-381.5705	502.1313	0.2104798	0.1045758	0.228721	0.771279	0.2656693
7014	123.0904	-377.5623	500.6527	0.4573994	0.5102982	0.552912	0.447088	0.177399
7020	130.5205	-371.0029	501.5234	0.4805834	0.2013312	0.072691	0.927309	0.266321
7026	131.335	-369.0867	500.4216	0.8955198	0.3845563	0.309062	0.690938	0.1724895
7032	124.5578	-377.3318	501.8896	0.5842059	0.02736848	0.25019	0.74981	0.1774181
7038	120.3038	-381.1876	501.4914	0.2649101	0.2972956	0.325369	0.674631	0.2691092
7044	117.7086	-384.0782	501.7868	0.4107977	0.1686676	0.401757	0.598243	0.3342778
7050	109.4233	-389.9238	499.3471	0.7858114	1.939766	0.264723	0.735277	0.3798328
7056	111.9456	-387.057	499.0026	0.8917657	1.906131	0.313095	0.686905	0.207867
7062	120.0036	-381.8541	501.8576	0.03040645	0.2371179	0.0149411	0.985059	0.2582714
7068	115.9909	-386.4042	502.3952	0.01145091	0.1221391	0.684376	0.315624	0.3903774
7074	112.7587	-388.873	501.6317	0.1344941	0.2834339	0.465327	0.534673	0.2563349
7080	117.6694	-382.9371	500.6066	0.72252	0.4578909	0.334807	0.665193	0.2201247
7086	125.6734	-376.0484	501.7218	0.2392332	0.1105207	0.288134	0.711866	0.1466161
7092	108.787	-392.1306	500.9176	0.3782106	0.5017569	0.422433	0.577567	0.237577
7098	119.6988	-381.308	501.0068	0.6950291	0.2655526	0.252063	0.747937	0.2093789
7104	110.0164	-391.2257	501.2421	0.5490939	0.1878581	0.332903	0.667097	0.1706617
7110	120.4718	-380.9237	501.3955	0.3175325	0.1856325	0.457731	0.542269	0.150553
7116	124.2896	-377.2326	501.5222	0.6577055	0.05431106	0.422919	0.577081	0.1391648
7122	107.4658	-392.8965	500.3623	0.9016539	0.5245423	0.16931	0.83069	0.2399231
7128	108.256	-391.2609	499.5169	0.9016539	0.6423815	0.0467939	0.953206	0.09115301
7134	109.0758	-391.5791	500.6549	0.5993222	0.5650778	0.594204	0.405796	0.2673765
7140	116.5051	-384.5987	501.1038	0.2787424	0.5639355	0.52256	0.47744	0.3804753
7146	114.1367	-386.0098	500.1465	1.097718	0.2245196	0.225713	0.774287	0.09443661
7152	114.4744	-384.9796	499.4541	1.097718	0.5462734	0.187992	0.812008	0.09030269
7158	122.0454	-378.3177	500.3631	1.097718	0.1899353	0.471737	0.528263	0.1091455
7164	113.8968	-387.1833	501.0801	0.4922279	0.2538251	0.726425	0.273575	0.1625523
7170	130.4576	-370.4145	500.8721	0.9644409	0.04677902	0.321612	0.678388	0.08535862
7176	127.9967	-373.7037	501.7004	0.3107368	0.1120339	0.165125	0.834875	0.1589766
7182	115.3832	-385.3734	500.7566	0.5742204	0.5840908	0.414542	0.585458	0.3512702
7188	114.869	-386.1575	501.0265	0.7082809	0.2923574	0.698725	0.301275	0.2511747
7194	108.8705	-391.9969	500.8674	0.2395697	0.6461553	0.18307	0.81693	0.2511747
7200	124.3972	-376.7988	501.196	0.0729364	0.6160128	0.0742617	0.925738	0.334341
7206	113.6143	-387.2593	500.8736	0.1559466	0.8614245	0.648326	0.351674	0.5295439
7212	121.1143	-380.0289	501.1432	0.03397361	0.7258384	0.589787	0.410213	0.4174286
7218	121.2695	-380.7752	502.0447	0.08316847	0.1879039	0.180141	0.819859	0.3262669
7224	117.1217	-383.6899	500.8116	0.437785	0.5339478	0.0333455	0.966654	0.2400994
7230	131.3188	-369.7227	501.0415	0.5196995	0.3605418	0.231941	0.768059	0.2400994
7236	128.3322	-373.0404	501.3726	0.195864	0.2927924	0.25514	0.74486	0.1874207
7242	121.829	-379.5117	501.3406	0.3262977	0.2927924	0.159883	0.840117	0.2213092
7248	129.5086	-372.8697	502.3784	0.2525309	0.03703273	0.433863	0.566137	0.2505674
7254	128.9221	-372.8992	501.8213	0.3394973	0.08631553	0.230095	0.769905	0.1687564
7260	110.4626	-390.3961	500.8587	0.3875678	0.4867577	0.101809	0.898191	0.2077318
7266	120.8577	-380.4197	501.2774	0.04360225	0.3316093	0.322752	0.677248	0.1475918
7272	115.4495	-386.7176	502.1671	0.4031282	0.06122389	0.404323	0.595677	0.284686
7278	111.1493	-390.8252	501.9745	0.4412487	0.1062756	0.279939	0.720061	0.3232551
7284	114.3665	-386.8085	501.1749	0.2829999	0.4916742	0.236385	0.763615	0.3315783
7290	122.8801	-378.81	501.6901	0.2599771	0.2665562	0.278393	0.721607	0.373775
7296	120.7659	-381.0615	501.8274	0.4922658	0.02802833	0.468031	0.531969	0.1420347
7302	119.8624	-381.6654	501.5278	0.4093675	0.2043261	0.423266	0.576734	0.2370115
7308	115.4723	-385.5373	501.0096	0.3847333	0.4621325	0.105411	0.894589	0.2526143
7314	113.3782	-387.7181	501.0963	0.1792671	0.6466706	0.299693	0.700307	0.4033357
7320	119.1881	-382.9255	502.1136	0.04901144	0.07004834	0.175289	0.824711	0.151426
7326	117.8455	-384.2282	502.0738	0.073749	0.05168751	0.650765	0.349235	0.130748
7332	132.3451	-367.9928	500.338	0.4073975	0.9962558	0.495328	0.504672	0.2778129
7338	120.2397	-380.4925	500.7323	0.04371084	1.034158	0.44222	0.55778	0.3303394
7344	117.9415	-383.2624	501.204	0.1405458	0.4218592	0.171131	0.828869	0.2020056
7350	115.9352	-385.9587	501.8939	0.2805959	0.105625	0.556705	0.443295	0.196591
7356	130.823	-370.5747	501.3977	0.3082571	0.2218933	0.183767	0.816233	0.174654
7362	123.5004	-377.9777	501.4781	0.1713538	0.2119301	0.143775	0.856225	0.153909
7368	116.7808	-384.5174	501.2982	0.1713538	0.29613	0.233446	0.766554	0.1629279
7374	123.6166	-377.7518	501.3685	0.4118088	0.29613	0.692365	0.307635	0.2821842
7380	128.6757	-372.9534	501.6291	0.6937855	0.0568818	0.0708615	0.929139	0.1745616
7386	123.3371	-377.088	500.4251	0.6329479	0.8127902	0.0695874	0.930413	0.3895499
7392	118.129	-382.9748	501.1039	0.6086392	0.2122176	0.470226	0.529774	0.1691454
7398	127.7887	-373.6141	501.4028	0.4889668	0.1345391	0.192587	0.807413	0.1517151
7404	123.2798	-379.0297	502.3095	0.301025	0.0645356	0.232461	0.767539	0.3294513
7410	124.7957	-377.5157	502.3114	0.3040823	0.041044	0.410454	0.589546	0.2525696
7416	122.2427	-377.982	500.2248	0.6671971	0.6746869	0.527693	0.472307	0.1841711
7422	120.6587	-380.3721	501.0308	0.4840165	0.3019298	0.51844	0.48156	0.178141
7428	119.824	-380.9211	500.7451	0.275189	0.6443767	0.053338	0.946662	0.2127653
7434	127.9159	-373.6631	501.579	0.4076243	0.1996995	0.235903	0.764097	0.2542175
7440	126.0997	-375.6037	501.7034	0.3192917	0.1817114	0.0822034	0.917797	0.2446903
7446	123.9324	-378.3519	502.2843	0.2425699	0.07685274	0.2754	0.7246	0.3076627
7452	126.2124	-374.9916	501.2041	0.543402	0.1089265	0.260501	0.739499	0.1091648
7458	117.5853	-383.4965	501.0818	0.3941189	0.3140152	0.0726369	0.927363	0.1750601
7464	114.1583	-386.1273	500.2856	0.9693519	0.2354303	0.162273	0.837727	0.09933951
7470	116.4642	-383.4941	499.9583	1.26602	0.1749551	0.115379	0.884621	0.07707624
7476	105.1395	-394.7772	499.9167	1.252547	0.2331651	0.0949647	0.905035	0.0887155
7482	114.4894	-385.7623	500.2516	0.7987856	0.3652676	0.651396	0.348604	0.1127698
7488	120.1411	-381.3014	501.4425	0.7008303	0.07490624	0.233993	0.766007	0.1522597
7494	123.2121	-377.7597	500.9718	0.7992404	0.1014818	0.240587	0.759413	0.1081487
7500	130.6692	-370.5431	501.2123	0.7399624	0.1014818	0.398463	0.601537	0.1374613
7506	121.6116	-379.0042	500.6158	0.6233555	0.5483642	0.398463	0.601537	0.2459163
7512	118.4986	-383.4773	501.9759	0.200122	0.1734966	0.161158	0.838842	0.3286218
7518	116.3933	-385.4362	501.8295	0.3099116	0.1799917	0.161158	0.838842	0.3144081
7524	106.6827	-394.9208	501.6035	0.3314155	0.2467316	0.258078	0.741922	0.304765
7530	116.3708	-381.8525	498.2234	1.016234	2.62124	0.590088	0.409912	0.1375814
7536	120.2819	-380.775	501.057	0.3120041	0.4364414	0.133345	0.866655	0.2207491
7542	122.4455	-377.6135	500.0591	0.6826569	0.6535541	0.209943	0.790057	0.1413863
7548	123.8631	-376.4059	500.269	0.4074117	0.9410611	0.140164	0.859836	0.2169644
7554	119.7127	-380.2318	499.9445	1.01536	0.447181	0.363833	0.636167	0.1229253
7560	124.8024	-375.3077	500.1101	1.119257	0.3899593	0.12518	0.87482	0.1538372
7566	126.4661	-373.645	500.1111	0.5156744	0.7903967	0.140181	0.859819	0.1538372
7572	113.5156	-387.3885	500.9041	0.5096596	0.4091769	0.173676	0.826324	0.2184548
7578	116.0784	-385.1932	501.2716	0.1122721	0.3607214	0.401617	0.598383	0.1774716
7584	125.7411	-375.1724	500.9136	0.3893109	0.3979862	0.534224	0.465776	0.1756967
7590	120.7846	-381.278	502.0626	0.2724116	0.1273415	0.436491	0.563509	0.3259041
7596	116.4816	-385.7379	502.2196	0.3624457	0.06649709	0.432207	0.567793	0.3124772
7602	126.8013	-375.7371	502.5384	0.06344156	0.06649709	0.349328	0.650672	0.3302405
7608	115.4216	-386.4782	501.8999	0.1899812	0.1796898	0.143129	0.856871	0.2778254
7614	113.3734	-388.4702	501.8435	0.1501834	0.239025	0.0708602	0.92914	0.3392945
7620	118.6511	-382.9456	501.5967	0.5606896	0.09592188	0.697727	0.302273	0.1791203
7626	118.8808	-383.6593	502.5401	0.1829646	0.04373478	0.209456	0.790544	0.3384226
7632	115.4233	-385.5493	500.9727	0.8702619	0.1592406	0.156189	0.843811	0.1604957
7638	107.2466	-393.6602	500.9069	0.7215182	0.2200337	0.100296	0.899704	0.1543839
7644	109.9987	-390.124	500.1227	0.950246	0.3388261	0.252589	0.747411	0.108092
7650	110.6177	-388.4842	499.1019	1.160409	1.011477	0.102129	0.897871	0.1292881
7656	119.0471	-381.2504	500.2975	1.096603	0.1472595	0.656056	0.343944	0.08441788
7662	118.0951	-381.7818	499.8769	1.077921	0.4247571	0.760494	0.239506	0.1157485
7668	119.2635	-382.7563	502.0198	0.3198772	0.1061438	0.224763	0.775237	0.2681524
7674	105.7018	-394.4376	500.1393	0.4611173	1.206308	0.334521	0.665479	0.3146291
7680	107.9128	-393.8401	501.7529	0.1564502	0.2546223	0.425463	0.574537	0.300923
7686	115.8423	-386.5204	502.3628	0.07554368	0.08920017	0.393695	0.606305	0.2842228
7692	115.0417	-387.5338	502.5755	0.03605577	0.07147768	0.207176	0.792824	0.3693924
7698	114.4878	-387.9863	502.4742	0.05755796	0.07844083	0.19392	0.80608	0.3178805
7704	110.7442	-391.7436	502.4878	0.1152074	0.04954398	0.412811	0.587189	0.2689017
7710	120.2657	-380.8391	501.1048	0.1898914	0.5320578	0.225039	0.774961	0.2613523
7716	117.8715	-383.301	501.1725	0.4536661	0.1786195	0.514432	0.485568	0.1294292
7722	123.7069	-376.467	500.174	0.8640272	0.5128537	0.0712857	0.928714	0.1601206
7728	122.0456	-378.7086	500.7541	0.3915242	0.4521105	0.480261	0.519739	0.1612205
7734	115.4642	-386.4745	501.9387	0.3546444	0.06299781	0.502061	0.497939	0.1747439
7740	109.6941	-391.7136	501.4077	0.5502463	0.2276419	0.348493	0.651507	0.2843277
7746	112.4085	-389.9519	502.3604	0.391177	0.01761635	0.267077	0.732923	0.2843277
7752	113.9991	-388.2667	502.2658	0.2108151	0.08944046	0.572516	0.427484	0.3133878
7758	112.4455	-387.7306	500.1761	0.3928399	1.188165	0.306067	0.693933	0.2800067
7764	119.0307	-381.5529	500.5836	0.8700185	0.3472083	0.567567	0.432433	0.1894861
7770	108.3284	-390.5955	498.9239	1.219874	1.405291	0.714552	0.285448	0.1786736
7776	111.8565	-389.7038	501.5603	0.2929316	0.233846	0.227957	0.772043	0.2368767
7782	99.81176	-401.2331	501.0449	0.3023598	0.3710996	0.802093	0.197907	0.173323
7788	104.1139	-397.95	502.064	0.1657399	0.1648401	0.802093	0.197907	0.3559904
7794	111.4914	-390.3247	501.8161	0.258447	0.1739725	0.58613	0.41387	0.2584138
7800	119.1518	-382.2193	501.3711	0.1210533	0.4901336	0.139586	0.860414	0.3683874
7806	125.1118	-376.4911	501.6029	0.5442733	0.09246969	0.566582	0.433418	0.1722824
7812	111.254	-389.8354	501.0894	0.3365646	0.5572292	0.554141	0.445859	0.4784631
7818	113.5526	-388.3397	501.8924	0.3061383	0.1121634	0.469414	0.530586	0.2142816
7824	111.3248	-388.9437	500.2685	0.6430272	0.7881278	0.0854988	0.914501	0.2445178
7830	113.4837	-387.6356	501.1193	0.6430272	0.2222785	0.577675	0.422325	0.1911971
7836	122.1109	-378.6616	500.7725	0.8423022	0.1547808	0.183912	0.816088	0.1148452
7842	130.815	-369.6798	500.4948	0.8423022	0.2473735	0.187799	0.812201	0.1148452
7848	122.8585	-377.9794	500.8379	0.6761518	0.2669161	0.377102	0.622898	0.1567162
7854	115.1694	-386.7406	501.91	0.6372394	0.0644614	0.642299	0.357701	0.2800576
7860	115.6416	-384.9629	500.6046	0.4186784	0.7493857	0.128561	0.871439	0.2800576
7866	109.5246	-391.5833	501.1079	0.3470178	0.3410374	0.0903866	0.909613	0.1859411
7872	120.0944	-381.9434	502.0378	0.07777608	0.2171828	0.391458	0.608542	0.4523277
7878	128.3053	-372.5364	500.8417	0.7807963	0.2171828	0.212613	0.787387	0.1513009
7884	125.2714	-376.0311	501.3025	0.1613458	0.3821553	0.253501	0.746499	0.2175409
7890	119.1074	-381.2776	500.385	0.7852294	0.3527924	0.1705	0.8295	0.1276161
7896	113.1691	-388.2201	501.3892	0.3692114	0.251225	0.164395	0.835605	0.2167441
7902	114.3049	-386.1321	500.437	0.7086233	0.638976	0.278814	0.721186	0.2665909
7908	121.0297	-380.3677	501.3974	0.4331167	0.1938169	0.376394	0.623606	0.1866572
7914	116.1442	-385.0448	501.1889	0.3058885	0.4006536	0.304098	0.695902	0.2465439
7920	109.9307	-391.8317	501.7625	0.5127756	0.1114391	0.0804484	0.919552	0.2456139
7926	109.05	-390.8642	499.9142	0.6313785	0.8552159	0.474565	0.525435	0.1524586
7932	118.4175	-383.1375	501.555	0.326485	0.1544093	0.400659	0.599341	0.1658203
7938	112.7067	-388.2893	500.9959	0.3917307	0.2921355	0.313921	0.686079	0.1428554
7944	113.7365	-386.1978	499.9343	0.9491217	0.6269913	0.392285	0.607715	0.1644131
7950	121.5717	-378.7912	500.3629	0.9491217	0.217598	0.156952	0.843048	0.100279
7956	118.7847	-381.4671	500.2518	0.9491217	0.217598	0.544601	0.455399	0.08746106
7962	123.6542	-377.3665	501.0207	0.6755701	0.2055806	0.119028	0.880972	0.1603995
7968	114.7381	-383.6762	498.4142	0.8674549	2.894246	0.257801	0.742199	0.175142
7974	119.182	-379.2185	498.4005	1.161818	1.532363	0.15397	0.84603	0.0924309
7980	124.3362	-375.8215	500.1576	0.7292959	0.4179304	0.0734666	0.926533	0.1043894
7986	122.6	-378.7918	501.3918	0.4488106	0.1309938	0.30982	0.69018	0.1385632
7992	123.5718	-377.4817	501.0536	0.01880425	0.6464432	0.144372	0.855628	0.2350072
7998	124.4074	-376.3889	500.7964	0.5408848	0.3759483	0.391273	0.608727	0.1732694
8004	123.2924	-378.6824	501.9748	0.05573718	0.2260467	0.122867	0.877133	0.3407794
8010	124.6078	-376.4521	501.0599	0.2925826	0.5011897	0.622399	0.377601	0.2657647
8016	120.9286	-380.5142	501.4428	0.2644316	0.2817735	0.325585	0.674415	0.226942
8022	126.3439	-374.9622	501.3061	0.5521141	0.1507463	0.229203	0.770797	0.1572465
8028	126.8994	-374.9155	501.8149	0.2317811	0.2096464	0.522072	0.477928	0.3121377
8034	119.5183	-381.4561	500.9745	0.4081681	0.5327178	0.482701	0.517299	0.3234705
8040	117.9844	-383.5022	501.4866	0.5052677	0.2282454	0.0774618	0.922538	0.3104185
8046	121.734	-380.0756	501.8096	0.4015917	0.06537195	0.464495	0.535505	0.1572322
8052	124.8267	-375.2108	500.0374	1.072113	0.3102593	0.690735	0.309265	0.1044952
8058	120.2243	-379.4461	499.6704	1.072113	0.5006076	0.247612	0.752388	0.1044952
8064	118.5074	-381.7907	500.2981	1.072113	0.2489349	0.554217	0.445783	0.1205699
8070	131.1359	-369.8555	500.9913	0.3401286	0.4118333	0.465721	0.534279	0.1916679
8076	133.8053	-368.0756	501.8809	0.1719459	0.1294789	0.259726	0.740274	0.1880662
8082	126.5308	-375.4185	501.9493	0.08418704	0.2330214	0.206254	0.793746	0.3676206
8088	117.4012	-383.3583	500.7595	0.08813743	0.6996344	0.483041	0.516959	0.1809037
8094	121.6885	-379.6571	501.3456	0.1028475	0.4640849	0.440334	0.559666	0.2860859
8100	123.882	-376.9547	500.8368	0.5841802	0.2519713	0.502592	0.497408	0.1303919
8106	121.1786	-379.6207	500.7993	0.3146909	0.5849346	0.190932	0.809068	0.2160418
8112	122.3405	-378.0882	500.4287	0.2157154	0.9741446	0.394376	0.605624	0.2178129
8118	126.3544	-374.3231	500.6775	1.006458	0.1326641	0.366112	0.633888	0.1133429
8124	125.0813	-375.6571	500.7384	0.2254025	0.7183609	0.388705	0.611295	0.2292785
8130	123.1362	-378.2939	501.4301	0.1369035	0.4057465	0.213764	0.786236	0.2945744
8136	116.2027	-383.3952	499.5979	0.8391876	0.9883019	0.254396	0.745604	0.1599726
8142	117.1111	-383.3356	500.4467	0.5784577	0.5109168	0.189737	0.810263	0.1564173
8148	119.5004	-381.9726	501.473	0.7527233	0.05933748	0.377733	0.622267	0.1538347
8154	120.1197	-380.4372	500.5569	0.2342014	0.7866744	0.362915	0.637085	0.1966202
8160	124.4428	-376.1501	500.5929	1.010204	0.2521511	0.144632	0.855368	0.1691241
8166	120.3914	-379.855	500.2464	0.8263928	0.5140228	0.386563	0.613437	0.1691241
8172	116.8826	-383.7445	500.6271	0.6139941	0.4546933	0.282586	0.717414	0.1879639
8178	116.502	-384.3532	500.8552	0.6582393	0.2436779	0.326895	0.673105	0.1437281
8184	111.9354	-390.0468	501.9821	0.19733	0.1542296	0.0731276	0.926872	0.2812047
8190	108.7702	-393.4176	502.1878	0.146441	0.06186444	0.454088	0.545912	0.1846517
8196	120.9684	-380.4701	501.4386	0.08527481	0.4469371	0.426416	0.573584	0.3208563
8202	115.8352	-385.5471	501.3823	0.3055053	0.3613972	0.100164	0.899836	0.3208563
8208	123.669	-378.0575	501.7265	0.1874914	0.2078301	0.126892	0.873108	0.2313251
8214	114.7584	-386.9236	501.6819	0.2656417	0.2739514	0.575051	0.424949	0.4011651
8220	104.8241	-397.0187	501.8428	0.6631496	0.01625045	0.310167	0.689833	0.1812781
8226	96.5236	-403.3723	499.8959	1.017858	0.5705537	0.310167	0.689833	0.1523998
8232	108.5568	-392.6583	501.215	0.9817372	0.07811566	0.0662954	0.933705	0.1683818
8238	112.7989	-388.9369	501.7358	0.3020147	0.1926058	0.283222	0.716778	0.2706429
8244	112.4932	-389.0895	501.5826	0.5431185	0.122226	0.80879	0.19121	0.2025329
8250	100.0961	-401.4328	501.5288	0.3223053	0.3184081	0.21907	0.78093	0.5898887
8256	113.7786	-388.2674	502.046	0.1061185	0.179736	0.17574	0.82426	0.3249813
8262	114.9588	-385.8771	500.8359	0.173949	0.7233215	0.320698	0.679302	0.253699
8268	114.4353	-387.0921	501.5274	0.3373826	0.2449388	0.23616	0.76384	0.2570191
8274	106.9812	-394.304	501.2852	0.4544554	0.3461605	0.0693575	0.930642	0.3403216
8280	101.7479	-397.4817	499.2296	0.7420763	1.469027	0.54591	0.45409	0.1487
8286	114.0493	-387.1321	501.1814	0.6799072	0.1875495	0.560299	0.439701	0.190137
8292	122.0878	-379.373	501.4608	0.5363233	0.1875495	0.534549	0.465451	0.2412174
8298	118.9852	-380.7747	499.7598	1.434712	0.1875495	0.316063	0.683937	0.07800243
8304	111.7102	-387.55	499.2601	1.235269	0.4596631	0.711199	0.288801	0.07122402
8310	106.5924	-391.2496	497.842	1.642988	1.042062	0.310008	0.689992	0.05252084
8316	106.1571	-393.0304	499.1875	0.888153	0.5602244	0.300779	0.699221	0.05321721
8322	113.9415	-385.9579	499.8994	1.153356	0.3139217	0.508907	0.491093	0.09832847
8328	119.6137	-380.6496	500.2633	1.153356	0.06303785	0.461416	0.538584	0.05753791
8334	110.3669	-388.891	499.2579	1.487605	0.07637467	0.103201	0.896799	0.02964846
8340	111.2822	-388.0811	499.3633	1.548007	0.2860767	0.259287	0.740713	0.07659086
8346	121.6259	-377.8583	499.4842	0.8770156	0.8252429	0.134758	0.865242	0.1132994
8352	111.7072	-389.6154	501.3227	0.8489273	0.0316683	0.15294	0.84706	0.1186386
8358	110.776	-389.4994	500.2753	0.7499363	0.3658227	0.216558	0.783442	0.1093407
8364	116.8713	-383.7583	500.6297	0.4272117	0.5900857	0.108502	0.891498	0.1985388
8370	108.0512	-392.6396	500.6908	0.5396921	0.4810013	0.00900968	0.99099	0.1989869
8376	109.6637	-392.0512	501.7149	0.2860439	0.1533866	0.331847	0.668153	0.1989869
8382	118.0211	-381.1293	499.1504	1.081236	1.206339	0.225478	0.774522	0.159572
8388	125.1752	-374.8945	500.0697	1.044469	0.3672897	0.0779416	0.922058	0.1232418
8394	118.3765	-381.8886	500.2651	0.7970388	0.5062999	0.468354	0.531646	0.1633302
8400	115.7024	-383.6949	499.3973	1.071982	0.7912048	0.0284232	0.971577	0.1238951
8406	110.9574	-390.7723	501.7297	0.3221925	0.1818333	0.219193	0.780807	0.2597296
8412	103.2988	-398.2197	501.5185	0.2027816	0.2117671	0.692847	0.307153	0.1710689
8418	104.6617	-397.3322	501.9939	0.08533049	0.2117671	0.568278	0.431722	0.3499686
8424	118.1256	-382.971	501.0965	0.5043734	0.3350736	0.269475	0.730525	0.2337181
8430	106.1227	-396.1208	502.2435	0.3895235	0.0731521	0.0475889	0.952411	0.4259626
8436	121.1324	-381.0007	502.1331	0.1797	0.08296676	0.0769714	0.923029	0.2102479
8442	119.9164	-381.9693	501.8857	0.1461341	0.1797436	0.168657	0.831343	0.2460922
8448	121.6732	-380.4645	502.1377	0.04636147	0.1836014	0.126565	0.873435	0.3764654
8454	121.2878	-380.9978	502.2856	0.02843004	0.130398	0.568557	0.431443	0.3173413
8460	122.3415	-379.2472	501.5887	0.2112113	0.1884362	0.57595	0.42405	0.1733949
8466	125.0355	-375.7246	500.76	0.9196259	0.1579971	0.0389292	0.961071	0.1269305
8472	119.5736	-382.0368	501.6104	0.2528351	0.2453612	0.211093	0.788907	0.2567848
8478	119.6158	-381.9604	501.5762	0.3968692	0.2401263	0.306587	0.693413	0.3219964
8484	115.7305	-385.3951	501.1256	0.6094832	0.2313844	0.669655	0.330345	0.1905886
8490	115.5297	-384.7055	500.2352	0.4959332	0.3888309	0.158543	0.841457	0.08054877
8496	125.6348	-375.6352	501.27	0.3150128	0.3888309	0.418498	0.581502	0.2844621
8502	121.9734	-379.907	501.8803	0.0619603	0.2544134	0.418498	0.581502	0.3283849
8508	118.1196	-382.4191	500.5388	0.5002861	0.6807146	0.057285	0.942715	0.2409387
8514	127.9484	-373.0117	500.9601	0.5002861	0.3962314	0.121272	0.878728	0.2272404
8520	123.3538	-378.2862	501.64	0.3661578	0.135899	0.324391	0.675609	0.181418
8526	126.4593	-374.5387	500.9979	0.2451123	0.5077816	0.283024	0.716976	0.2195536
8532	111.6767	-388.4949	500.1716	0.8608875	0.5316352	0.341455	0.658545	0.1660871
8538	112.0712	-388.7145	500.7856	0.7420793	0.08659775	0.248715	0.751285	0.07426662
8544	119.7259	-380.0419	499.7678	0.9032723	0.8166874	0.612546	0.387454	0.1719679
8550	113.1069	-389.056	502.1628	0.1125149	0.06454109	0.343253	0.656747	0.1719679
8556	123.7395	-376.8844	500.6239	0.3384527	0.8665804	0.545879	0.454121	0.3426627
8562	119.3908	-382.7164	502.1072	0.3119361	0.07869492	0.0354765	0.964523	0.2465636
8568	120.9562	-380.5169	501.4731	0.4935585	0.1453767	0.264521	0.735479	0.1799682
8574	113.4656	-386.5767	500.0422	0.7230039	0.9594172	0.308269	0.691731	0.2672785
8580	117.2867	-383.2127	500.4994	0.2987901	0.7220767	0.303869	0.696131	0.1752059
8586	120.6903	-380.752	501.4423	0.3007448	0.2662293	0.386241	0.613759	0.2259067
8592	120.9774	-380.9033	501.8807	0.1179964	0.1828919	0.0298658	0.970134	0.2353441
8598	122.0668	-379.5067	501.5735	0.4985962	0.1235857	0.441965	0.558035	0.1871001
8604	125.289	-375.8519	501.1409	0.7932667	0.1062333	0.535655	0.464345	0.1377974
8610	129.8113	-371.134	500.9453	0.9010615	0.1322112	0.383602	0.616398	0.1405477
8616	132.734	-368.6396	501.3736	0.6516368	0.1322112	0.625014	0.374986	0.1829661
8622	124.9931	-374.8232	499.8163	0.714064	0.9833946	0.227954	0.772046	0.1829661
8628	113.2278	-387.403	500.6308	0.2938088	0.8711924	0.213624	0.786376	0.3118561
8634	117.2813	-384.6747	501.956	0.05710766	0.1426535	0.175633	0.824367	0.1907657
8640	118.1818	-383.6132	501.7951	0.02138038	0.2366042	0.0971387	0.902861	0.2243429
8646	115.8216	-385.2156	501.0373	0.5493058	0.2859099	0.0172476	0.982752	0.1879245
8652	118.6495	-382.1808	500.8303	0.4356569	0.367891	0.152838	0.847162	0.1521688
8658	113.9091	-387.6306	501.5397	0.7366984	0.05115054	0.243318	0.756682	0.1560207
8664	105.2213	-397.0251	502.2464	0.3116882	0.03556191	0.818171	0.181829	0.2158306
8670	120.6592	-380.9444	501.6037	0.7151148	0.09826123	0.284214	0.715786	0.2402883
8676	111.5534	-389.493	501.0464	0.1197653	0.5708913	0.136946	0.863054	0.2285235
8682	114.6565	-387.9026	502.5592	0.1406315	0.04868177	0.186028	0.813972	0.3400468
8688	117.0745	-384.9732	502.0477	0.3000719	0.1054496	0.173276	0.826724	0.2712363
8694	119.9509	-381.0103	500.9612	0.5276336	0.4608756	0.340692	0.659308	0.3119828
8700	113.9163	-387.7196	501.6359	0.143273	0.3140005	0.484695	0.515305	0.311374
8706	101.9224	-399.6023	501.5247	0.08648694	0.4279704	0.557896	0.442104	0.383323
8712	100.4828	-400.286	500.7688	0.4737373	0.6096044	0.383156	0.616844	0.3031801
8718	114.3751	-387.1262	501.5013	0.5243271	0.09616661	0.336885	0.663115	0.1475501
8724	111.3959	-390.0924	501.4883	0.2412517	0.1971224	0.108364	0.891636	0.1623393
8730	110.7076	-391.2193	501.9268	0.04739202	0.1971224	0.495618	0.504382	0.2442248
8736	113.2687	-388.1273	501.396	0.1472525	0.3521803	0.194533	0.805467	0.2247629
8742	122.2497	-378.8285	501.0782	0.1317309	0.4713501	0.302594	0.697406	0.1873328
8748	115.5537	-385.9006	501.4544	0.4461693	0.172284	0.259218	0.740782	0.1873328
8754	113.3987	-387.8646	501.2634	0.2742138	0.3059139	0.464128	0.535872	0.1873328
8760	111.8648	-389.7598	501.6246	0.2742138	0.3037994	0.224969	0.775031	0.4965004
8766	123.6196	-378.0643	501.6838	0.3720402	0.09502188	0.1024	0.8976	0.1529878
8772	112.4717	-387.6138	500.0855	0.7765742	0.4931825	0.0878543	0.912146	0.1199879
8778	114.0015	-386.5111	500.5127	0.6128708	0.4931825	0.123	0.877	0.1739477
8784	124.2763	-378.1123	502.3886	0.2350799	0.03747873	0.189205	0.810795	0.2480217
8790	127.3746	-374.4942	501.8688	0.02813727	0.2196433	0.234046	0.765954	0.2388327
8796	126.49	-375.0622	501.5522	0.6664852	0.1222039	0.723154	0.276846	0.2390939
8802	125.3032	-375.0604	500.3636	0.7493007	0.3592531	0.171625	0.828375	0.1203825
8808	121.9203	-379.3484	501.2688	0.8107332	0.1070012	0.399679	0.600321	0.1707359
8814	122.8788	-377.123	500.0018	0.9456968	0.5751741	0.253493	0.746507	0.1617121
8820	123.2006	-377.3616	500.5621	0.6149615	0.4298616	0.58276	0.41724	0.1591647
8826	116.8733	-383.8296	500.7029	0.6149615	0.48296	0.638782	0.361218	0.2334241
8832	118.55	-381.6751	500.2252	1.158656	0.2509853	0.326223	0.673777	0.123633
8838	124.4536	-376.0371	500.4908	1.200954	0.1283373	0.208557	0.791443	0.1121059
8844	120.6318	-379.6857	500.3175	1.200954	0.1078347	0.528309	0.471691	0.08184105
8850	106.4517	-392.9464	499.3981	0.8998248	1.087662	0.653559	0.346441	0.1504221
8856	117.082	-383.6179	500.6999	0.5097644	0.2056161	0.0584806	0.941519	0.08476363
8862	117.1349	-383.9291	501.0639	0.5948673	0.1399779	0.252408	0.747592	0.1136086
8868	111.8316	-387.924	499.7556	0.7606985	1.05763	0.392414	0.607586	0.2013763
8874	124.5441	-375.7364	500.2805	0.6792399	0.6650842	0.485573	0.514427	0.2013763
8880	119.3332	-381.8259	501.1591	0.5578623	0.3077845	0.619984	0.380016	0.2606574
8886	115.1658	-384.0558	499.2216	0.806023	1.941435	0.481045	0.518955	0.2806497
8892	115.7964	-384.9293	500.7258	0.6256341	0.3141659	0.266161	0.733839	0.1458446
8898	110.9538	-389.7197	500.6736	0.6256341	0.4051817	0.444392	0.555608	0.1784826
8904	122.732	-377.2835	500.0155	1.321815	0.1083121	0.427041	0.572959	0.06632052
8910	114.7979	-386.5566	501.3544	0.9276683	0.0553763	0.455898	0.544102	0.162299
8916	111.5669	-389.5026	501.0695	0.7727469	0.1952669	0.0934053	0.906595	0.1915653
8922	113.931	-388.036	501.9669	0.3737273	0.05694522	0.319337	0.680663	0.1795163
8928	113.7549	-388.3782	502.1331	0.294295	0.06959271	0.393118	0.606882	0.2307761
8934	117.7766	-383.1868	500.9634	0.3528152	0.5691825	0.202172	0.797828	0.3145788
8940	121.29	-379.2647	500.5548	0.5882644	0.5832908	0.463623	0.536377	0.2266033
8946	111.8617	-389.292	501.1537	0.3945057	0.431385	0.136022	0.863978	0.3175271
8952	120.9525	-380.7516	501.7041	0.6142844	0.1292823	0.398236	0.601764	0.3175271
8958	118.4524	-381.9348	500.3873	0.6142844	0.7868269	0.161567	0.838433	0.2962605
8964	99.38171	-399.1506	498.5323	1.172642	1.941435	0.118564	0.881436	0.1595074
8970	112.5851	-388.2758	500.861	0.6261197	0.3966574	0.139883	0.860117	0.2392595
8976	111.7422	-390.237	501.9791	0.04898034	0.2093961	0.398576	0.601424	0.2971215
8982	117.5384	-384.366	501.9044	0.1345167	0.1710661	0.528273	0.471727	0.2363666
8988	118.2062	-383.3176	501.5238	0.2558166	0.1710661	0.334884	0.665116	0.1549763
8994	107.5482	-393.1693	500.7175	0.5000165	0.3280656	0.326423	0.673577	0.1266278
9000	108.5727	-393.3273	501.9	0.2778756	0.1173136	0.0659786	0.934021	0.2142598
9006	121.4992	-379.4322	500.9315	0.3824631	0.5411785	0.238993	0.761007	0.2812568
9012	115.8997	-384.7572	500.6569	0.1417182	0.7604997	0.104666	0.895334	0.1890478
9018	117.5548	-383.9436	501.4984	0.122641	0.1850855	0.315728	0.684272	0.1321332
9024	113.1871	-388.2614	501.4484	0.4079301	0.240603	0.629653	0.370347	0.2468992
9030	110.1959	-391.6726	501.8685	0.1619399	0.1807183	0.626829	0.373171	0.2468992
9036	124.8561	-376.5544	501.4106	0.4412458	0.2798414	0.223914	0.776086	0.3053325
9042	105.3851	-395.9961	501.3812	0.2869154	0.4090672	0.180638	0.819362	0.4302079
9048	116.3905	-384.499	500.8895	0.4049371	0.3691933	0.169585	0.830415	0.1592175
9054	126.7121	-373.7304	500.4426	0.6708653	0.540483	0.560157	0.439843	0.1925236
9060	118.4126	-381.7906	500.2032	1.022344	0.1699452	0.356453	0.643547	0.07572062
9066	117.4269	-382.9938	500.4206	0.8541511	0.2046302	0.207414	0.792586	0.09141889
9072	125.113	-375.5069	500.6199	0.8746643	0.2038081	0.566971	0.433029	0.1203914
9078	110.6509	-390.1758	500.8268	0.4950306	0.2790332	0.367555	0.632445	0.1250732
9084	116.188	-385.4784	501.6664	0.143977	0.1229716	0.238759	0.761241	0.127541
9090	116.3441	-385.9849	502.329	0.1043519	0.08378875	0.238434	0.761566	0.2663128
9096	124.9111	-376.1548	501.0659	0.314922	0.5327958	0.478034	0.521966	0.3219405
9102	132.3768	-369.512	501.8888	0.3988425	0.1233247	0.273255	0.726745	0.278193
9108	122.7969	-378.6158	501.4128	0.212004	0.4273579	0.24084	0.75916	0.406777
9114	125.3079	-377.1137	502.4216	0.02136467	0.1167129	0.198116	0.801884	0.4231229
9120	120.5518	-380.7157	501.2675	0.2487402	0.3877632	0.13215	0.86785	0.2447709
9126	126.9323	-374.5957	501.528	0.3927479	0.2088005	0.0674594	0.932541	0.2355265
9132	121.7908	-380.2344	502.0252	0.05627736	0.1682098	0.0491186	0.950881	0.2522187
9138	119.6823	-381.3593	501.0417	0.432336	0.4176208	0.0542355	0.945765	0.2522187
9144	106.3268	-395.6207	501.9474	0.3080492	0.07141033	0.384358	0.615642	0.1754981
9150	113.8407	-388.2213	502.062	0.1302332	0.185477	0.15156	0.84844	0.4009716
9156	94.88047	-405.4096	500.29	0.1957144	1.162502	0.173507	0.826493	0.2261481
9162	119.0209	-382.5418	501.5626	0.06512869	0.3947156	0.32107	0.67893	0.326941
9168	130.6258	-370.2291	500.8549	0.01949721	0.6290301	0.152406	0.847594	0.1629212
9174	130.7375	-371.2992	502.0367	0.0184619	0.196116	0.146847	0.853153	0.2884254
9180	128.1992	-373.6519	501.851	0.09455772	0.2343703	0.321831	0.678169	0.2884254
9186	125.9937	-375.8817	501.8754	0.3200613	0.1781406	0.436281	0.563719	0.3679104
9192	115.7423	-384.8295	500.5718	0.4433943	0.483413	0.413901	0.586099	0.1444563
9198	114.5209	-384.7049	499.2258	0.823677	1.043612	0.557088	0.442912	0.1021497
9204	117.4147	-383.1269	500.5416	0.6076265	0.3665058	0.215455	0.784545	0.128887
9210	116.0701	-384.3945	500.4646	0.4537424	0.8540069	0.325483	0.674517	0.2924161
9216	120.0156	-381.423	501.4386	0.5407449	0.1284405	0.505885	0.494115	0.1668179
9222	115.79	-385.1102	500.9002	0.2221354	0.707856	0.116091	0.883909	0.3140216
9228	119.6895	-381.4287	501.1182	0.22432	0.4413752	0.126424	0.873576	0.2140173
9234	120.2646	-381.4045	501.6691	0.06403698	0.3327184	0.0998217	0.900178	0.3077648
9240	119.9815	-381.7101	501.6916	0.1115762	0.286357	0.733791	0.266209	0.2819812
9246	126.1494	-375.7002	501.8497	0.1120454	0.2049719	0.352283	0.647717	0.2495367
9252	123.2839	-378.6412	501.9251	0.04228592	0.1556842	0.0436474	0.956353	0.1907803
9258	116.7188	-383.7083	500.4271	0.4557481	0.8160909	0.345924	0.654076	0.2465825
9264	119.9992	-381.4802	501.4794	0.6085123	0.1664861	0.17622	0.82378	0.252606
9270	119.9434	-381.538	501.4814	0.6267504	0.1664861	0.472854	0.527146	0.2633619
9276	124.3449	-376.804	501.1488	0.1260605	0.5023822	0.429984	0.570016	0.2288785
9282	124.4689	-376.8501	501.319	0.47194	0.2503363	0.529174	0.470826	0.2288785
9288	121.8288	-379.8793	501.7081	0.1514665	0.2248934	0.101991	0.898009	0.2288785
9294	123.6131	-377.007	500.6201	0.3446839	0.7039572	0.308071	0.691929	0.2220887
9300	121.1252	-379.2383	500.3636	0.7492968	0.5463958	0.329418	0.670582	0.1952715
9306	124.0813	-375.7672	499.8485	0.8746226	0.7099664	0.511061	0.488939	0.1531196
9312	118.8336	-381.8191	500.6527	0.7640574	0.4420868	0.194613	0.805387	0.2460995
9318	119.1132	-381.7528	500.866	0.422408	0.2391885	0.390037	0.609963	0.1049325
9324	117.2632	-383.6552	500.9184	0.384233	0.4109948	0.43487	0.56513	0.1825743
9330	111.1292	-389.0391	500.1683	0.9852266	0.4109948	0.0442933	0.955707	0.1462751
9336	113.4722	-388.238	501.7102	0.1871018	0.1363419	0.294082	0.705918	0.1543878
9342	116.8781	-383.1296	500.0078	0.9642663	0.5659897	0.080641	0.919359	0.1642984
9348	114.2528	-386.416	500.6688	0.4830687	0.2556809	0.366696	0.633304	0.0934203
9354	116.0953	-385.6225	501.7178	0.7000264	0.05989269	0.101811	0.898189	0.2085142
9360	107.3525	-393.2652	500.6178	0.1261498	1.095421	0.474855	0.525145	0.3596238
9366	107.3147	-393.82	501.1348	0.0635816	0.669198	0.234651	0.765349	0.3374948
9372	121.7939	-380.0418	501.8357	0.2394405	0.1659017	0.330569	0.669431	0.245272
9378	112.5051	-388.47	500.9751	0.5096192	0.4027452	0.507868	0.492132	0.2436296
9384	113.31	-387.4837	500.7937	0.4013486	0.5341588	0.507868	0.492132	0.217356
9390	110.6282	-389.7447	500.3729	0.3954572	0.8570527	0.330743	0.669257	0.217356
9396	109.4231	-392.235	501.6581	0.1213165	0.357061	0.273471	0.726529	0.4638582
9402	114.8166	-385.8545	500.6711	0.4618649	0.7280082	0.45012	0.54988	0.3498737
9408	121.0673	-381.0398	502.1071	0.07557581	0.1777089	0.133515	0.866485	0.3498737
9414	116.0305	-385.1013	501.1317	0.3031471	0.4191103	0.201191	0.798809	0.234965
9420	110.4012	-390.4864	500.8876	0.6860974	0.1736825	0.126002	0.873998	0.1181968
9426	116.6593	-381.8672	498.5265	1.20226	1.465424	0.0647708	0.935229	0.1070022
9432	119.6573	-378.606	498.2633	0.8785389	3.919473	0.379258	0.620742	0.2774838
9438	127.0148	-373.1537	500.1686	1.062919	0.2807051	0.204452	0.795548	0.1117182
9444	110.8953	-388.8341	499.7294	1.062919	0.5021609	0.0543749	0.945625	0.1117182
9450	100.7775	-400.0917	500.8692	0.8178152	0.03788992	0.544118	0.455882	0.06794571
9456	103.5782	-396.5187	500.0969	0.8178152	0.4716985	0.201369	0.798631	0.1225769
9462	118.514	-381.857	500.3709	0.6424761	0.3358285	0.687651	0.312349	0.09945716
9468	105.5443	-394.1817	499.726	1.121324	0.1935126	0.165038	0.834962	0.05344823
9474	125.2839	-375.4881	500.772	0.7900973	0.1654478	0.130145	0.869855	0.1124064
9480	116.8004	-382.2913	499.0917	0.8218993	1.279431	0.00492501	0.995075	0.1124064
9486	119.5569	-381.1829	500.7397	0.8218993	0.1993519	0.444561	0.555439	0.1293427
9492	126.0857	-375.3295	501.4152	0.7589737	0.08456781	0.543042	0.456958	0.1701591
9498	118.6677	-382.3439	501.0116	0.7589737	0.1872142	0.765582	0.234418	0.1649353
9504	122.5171	-379.1165	501.6336	0.2937958	0.1404071	0.362241	0.637759	0.1649353
9510	124.1086	-377.2531	501.3617	0.5294856	0.1886595	0.400786	0.599214	0.200826
9516	128.797	-371.4884	500.2853	0.7519722	0.4764635	0.300117	0.699883	0.1465733
9522	124.857	-376.5653	501.4222	0.5971721	0.1209376	0.669299	0.330701	0.1696616
9528	125.7129	-375.5134	501.2263	0.4833804	0.2292895	0.531273	0.468727	0.1813565
9534	123.0316	-378.4027	501.4344	0.4833804	0.1975926	0.147355	0.852645	0.2203812
9540	125.1547	-376.0071	501.1618	0.7921082	0.1269679	0.1699	0.8301	0.1593207
9546	117.3354	-383.6588	500.9942	0.5289441	0.3620126	0.232614	0.767386	0.2248978
9552	126.1952	-374.4753	500.6705	0.7269683	0.3730427	0.189798	0.810202	0.1886802
9558	124.68	-375.4516	500.1316	1.214209	0.2753332	0.362322	0.637678	0.1276075
9564	107.1592	-392.2137	499.3729	1.054911	1.345485	0.350758	0.649242	0.2741178
9570	109.7998	-389.5295	499.3292	1.213046	0.6721682	0.0824482	0.917552	0.1119997
9576	107.2282	-389.9084	497.1366	1.561842	3.291959	0.352456	0.647544	0.0990015
9582	107.2837	-390.2991	497.5827	1.561842	3.291959	0.724334	0.275666	0.1829305
9588	114.9456	-386.103	501.0486	0.1097149	0.5747886	0.355894	0.644106	0.2276831
9594	125.9053	-375.2029	501.1082	0.2962248	0.3634457	0.305226	0.694774	0.1849149
9600	122.4079	-378.0613	500.4692	0.06431753	1.04394	0.185254	0.814746	0.2027357
9606	96.7381	-404.149	500.8871	0.4777019	0.4696563	0.329961	0.670039	0.2444613
9612	121.6499	-378.6467	500.2967	0.8532257	0.4227768	0.391258	0.608742	0.1501522
9618	128.0596	-372.3565	500.4161	0.9381908	0.2454252	0.117858	0.882142	0.116652
9624	120.0154	-380.8225	500.8379	0.6736807	0.4369208	0.353541	0.646459	0.2964979
9630	124.5435	-377.0419	501.5854	0.4245445	0.15213	0.255839	0.744161	0.2005012
9636	131.4877	-370.4871	501.9748	0.316156	0.1065163	0.436167	0.563833	0.2434818
9642	123.102	-378.2931	501.3951	0.2565583	0.4101954	0.309893	0.690107	0.396139
9648	123.6712	-378.3307	502.0019	0.2094339	0.1786372	0.113884	0.886116	0.396139
9654	122.2913	-379.1133	501.4046	0.416286	0.2042199	0.227274	0.772726	0.1932368
9660	118.6632	-381.9906	500.6538	0.5891797	0.5725101	0.296887	0.703113	0.2673645
9666	119.604	-382.5184	502.1225	0.5678474	0.03965612	0.475511	0.524489	0.2933329
9672	117.1597	-384.0725	501.2322	0.5203861	0.2402903	0.427317	0.572683	0.2041636
9678	120.6794	-380.7324	501.4119	0.5993314	0.1475092	0.600822	0.399178	0.1956195
9684	115.7496	-385.5745	501.3241	0.4285689	0.2506189	0.586534	0.413466	0.2139825
9690	111.4926	-389.783	501.2756	0.2341796	0.4053207	0.336632	0.663368	0.2587314
9696	124.6739	-376.6746	501.3485	0.05484519	0.4881261	0.285978	0.714022	0.2834794
